-- --------------------------------------------------------
-- Host:                         127.0.0.1
-- Server version:               8.0.30 - MySQL Community Server - GPL
-- Server OS:                    Win64
-- HeidiSQL Version:             12.1.0.6537
-- --------------------------------------------------------

/*!40101 SET @OLD_CHARACTER_SET_CLIENT=@@CHARACTER_SET_CLIENT */;
/*!40101 SET NAMES utf8 */;
/*!50503 SET NAMES utf8mb4 */;
/*!40103 SET @OLD_TIME_ZONE=@@TIME_ZONE */;
/*!40103 SET TIME_ZONE='+00:00' */;
/*!40014 SET @OLD_FOREIGN_KEY_CHECKS=@@FOREIGN_KEY_CHECKS, FOREIGN_KEY_CHECKS=0 */;
/*!40101 SET @OLD_SQL_MODE=@@SQL_MODE, SQL_MODE='NO_AUTO_VALUE_ON_ZERO' */;
/*!40111 SET @OLD_SQL_NOTES=@@SQL_NOTES, SQL_NOTES=0 */;


-- Dumping database structure for menu_ryan_catering
CREATE DATABASE IF NOT EXISTS `menu_ryan_catering` /*!40100 DEFAULT CHARACTER SET utf8mb4 COLLATE utf8mb4_0900_ai_ci */ /*!80016 DEFAULT ENCRYPTION='N' */;
USE `menu_ryan_catering`;

-- Dumping structure for table menu_ryan_catering.bahan
CREATE TABLE IF NOT EXISTS `bahan` (
  `id_bahan` int NOT NULL AUTO_INCREMENT,
  `nama_bahan` varchar(100) NOT NULL,
  `id_satuan` int NOT NULL,
  `harga_awal` decimal(15,2) NOT NULL,
  `harga_sekarang` decimal(15,2) NOT NULL,
  `status` enum('aktif','nonaktif') NOT NULL DEFAULT 'aktif',
  `created_at` datetime DEFAULT CURRENT_TIMESTAMP,
  PRIMARY KEY (`id_bahan`),
  UNIQUE KEY `unique_bahan_satuan` (`nama_bahan`,`id_satuan`),
  KEY `id_satuan` (`id_satuan`),
  CONSTRAINT `bahan_ibfk_1` FOREIGN KEY (`id_satuan`) REFERENCES `satuan` (`id_satuan`)
) ENGINE=InnoDB AUTO_INCREMENT=1283 DEFAULT CHARSET=utf8mb4 COLLATE=utf8mb4_0900_ai_ci;

-- Dumping data for table menu_ryan_catering.bahan: ~302 rows (approximately)
INSERT INTO `bahan` (`id_bahan`, `nama_bahan`, `id_satuan`, `harga_awal`, `harga_sekarang`, `status`, `created_at`) VALUES
	(1, 'ABC kacang ijo', 134, 80000.00, 68000.00, 'aktif', '2025-10-21 14:11:41'),
	(4, 'Agar swallaw', 115, 55000.00, 58000.00, 'aktif', '2025-10-21 14:11:41'),
	(7, 'Almond', 115, 20000.00, 20000.00, 'aktif', '2025-10-21 14:11:41'),
	(10, 'Alumunium foil', 147, 125000.00, 125000.00, 'aktif', '2025-10-21 14:11:41'),
	(15, 'Anggur', 120, 75000.00, 55000.00, 'aktif', '2025-10-21 14:11:41'),
	(20, 'Asem', 116, 195000.00, 165000.00, 'aktif', '2025-10-21 14:11:41'),
	(23, 'Ati ampela', 149, 3000.00, 3000.00, 'aktif', '2025-10-21 14:11:41'),
	(28, 'Bagelan', 115, 23000.00, 23000.00, 'aktif', '2025-10-21 14:11:41'),
	(33, 'Bakso Lawu', 119, 9000.00, 9000.00, 'aktif', '2025-10-21 14:11:41'),
	(38, 'Bakso staff', 119, 15000.00, 15000.00, 'aktif', '2025-10-21 14:11:41'),
	(43, 'Baso Eternal', 115, 35000.00, 35000.00, 'aktif', '2025-10-21 14:11:41'),
	(46, 'Baso Sumber Selera', 115, 50000.00, 50000.00, 'aktif', '2025-10-21 14:11:41'),
	(49, 'Batagor', 149, 2000.00, 2000.00, 'aktif', '2025-10-21 14:11:41'),
	(54, 'Bawang Bombay', 120, 38000.00, 38000.00, 'aktif', '2025-10-21 14:11:41'),
	(59, 'Bawang Daun', 120, 10000.00, 10000.00, 'aktif', '2025-10-21 14:11:41'),
	(64, 'Bawang Merah', 120, 45000.00, 45000.00, 'aktif', '2025-10-21 14:11:41'),
	(69, 'Bawang Putih', 120, 35000.00, 43000.00, 'aktif', '2025-10-21 14:11:41'),
	(74, 'Bayam', 131, 50000.00, 60000.00, 'aktif', '2025-10-21 14:11:41'),
	(77, 'Bebek Adm', 137, 42500.00, 42500.00, 'aktif', '2025-10-21 14:11:41'),
	(80, 'Bengkuang', 120, 11000.00, 11000.00, 'aktif', '2025-10-21 14:11:41'),
	(85, 'Bensin', 123, 200000.00, 200000.00, 'aktif', '2025-10-21 14:11:41'),
	(88, 'Bento plastik', 115, 46000.00, 40000.00, 'aktif', '2025-10-21 14:11:41'),
	(91, 'Beras Basmati', 120, 38000.00, 38000.00, 'aktif', '2025-10-21 14:11:41'),
	(96, 'Beras merah', 120, 19000.00, 19000.00, 'aktif', '2025-10-21 14:11:41'),
	(101, 'Bihun', 116, 80000.00, 80000.00, 'aktif', '2025-10-21 14:11:41'),
	(106, 'Biji selasih', 115, 10000.00, 10000.00, 'aktif', '2025-10-21 14:11:41'),
	(109, 'Brokoli', 120, 20000.00, 20000.00, 'aktif', '2025-10-21 14:11:41'),
	(114, 'Bubuk Lemontea', 115, 60000.00, 60000.00, 'aktif', '2025-10-21 14:11:41'),
	(117, 'Bumbu Briyami', 115, 30000.00, 32000.00, 'aktif', '2025-10-21 14:11:41'),
	(120, 'Bumbu curry', 115, 38000.00, 38000.00, 'aktif', '2025-10-21 14:11:41'),
	(125, 'Bumbu sampyok', 115, 50000.00, 50000.00, 'aktif', '2025-10-21 14:11:41'),
	(130, 'Bumbu tomyum', 128, 320000.00, 320000.00, 'aktif', '2025-10-21 14:11:41'),
	(133, 'Buncis', 120, 11000.00, 11000.00, 'aktif', '2025-10-21 14:11:41'),
	(138, 'Cabe Ijo', 120, 20000.00, 25000.00, 'aktif', '2025-10-21 14:11:41'),
	(143, 'Cabe Merah', 120, 45000.00, 50000.00, 'aktif', '2025-10-21 14:11:41'),
	(148, 'Caisim', 120, 7000.00, 10000.00, 'aktif', '2025-10-21 14:11:41'),
	(153, 'Cecek', 120, 8000.00, 8000.00, 'aktif', '2025-10-21 14:11:41'),
	(158, 'Cengkeh', 120, 150000.00, 150000.00, 'aktif', '2025-10-21 14:11:41'),
	(161, 'Cheese dumpling', 115, 29000.00, 29000.00, 'aktif', '2025-10-21 14:11:41'),
	(164, 'Chicken dumpling', 115, 28000.00, 28000.00, 'aktif', '2025-10-21 14:11:41'),
	(167, 'Chikuwa', 115, 25000.00, 25000.00, 'aktif', '2025-10-21 14:11:41'),
	(170, 'Chili oil', 115, 30000.00, 30000.00, 'aktif', '2025-10-21 14:11:41'),
	(175, 'Cream soup', 115, 15000.00, 15000.00, 'aktif', '2025-10-21 14:11:41'),
	(178, 'Cuanki', 119, 10000.00, 10000.00, 'aktif', '2025-10-21 14:11:41'),
	(183, 'Cuka', 145, 15000.00, 15000.00, 'aktif', '2025-10-21 14:11:41'),
	(188, 'Cumi', 114, 63000.00, 63000.00, 'aktif', '2025-10-21 14:11:41'),
	(193, 'Cumi asin', 120, 90000.00, 90000.00, 'aktif', '2025-10-21 14:11:41'),
	(198, 'Cup 10oz + tutup', 147, 11000.00, 11000.00, 'aktif', '2025-10-21 14:11:41'),
	(203, 'Cup kopi', 115, 8000.00, 8000.00, 'aktif', '2025-10-21 14:11:41'),
	(206, 'Cup puding + Tutup', 147, 400.00, 400.00, 'aktif', '2025-10-21 14:11:41'),
	(211, 'Daging slice', 115, 52000.00, 52000.00, 'aktif', '2025-10-21 14:11:41'),
	(214, 'Daun Biji Tangkil', 120, 30000.00, 30000.00, 'aktif', '2025-10-21 14:11:41'),
	(219, 'Daun Jeruk', 120, 30000.00, 30000.00, 'aktif', '2025-10-21 14:11:41'),
	(224, 'Daun kunyit', 120, 15000.00, 15000.00, 'aktif', '2025-10-21 14:11:41'),
	(229, 'Daun pandan', 139, 10000.00, 10000.00, 'aktif', '2025-10-21 14:11:41'),
	(234, 'Daun Pisang', 130, 6000.00, 6000.00, 'aktif', '2025-10-21 14:11:41'),
	(237, 'Daun Salam', 120, 7000.00, 7000.00, 'aktif', '2025-10-21 14:11:41'),
	(242, 'Daun Singkong', 131, 10000.00, 10000.00, 'aktif', '2025-10-21 14:11:41'),
	(245, 'Dimsum premium', 115, 25000.00, 25000.00, 'aktif', '2025-10-21 14:11:41'),
	(248, 'Dumpling ayam', 115, 28000.00, 28000.00, 'aktif', '2025-10-21 14:11:41'),
	(251, 'Ebi Furai', 115, 28000.00, 28000.00, 'aktif', '2025-10-21 14:11:41'),
	(256, 'Edamame', 115, 25000.00, 25000.00, 'aktif', '2025-10-21 14:11:41'),
	(261, 'Ekado', 115, 35000.00, 35000.00, 'aktif', '2025-10-21 14:11:41'),
	(264, 'Emping', 120, 80000.00, 80000.00, 'aktif', '2025-10-21 14:11:41'),
	(269, 'Es batu', 116, 20000.00, 20000.00, 'aktif', '2025-10-21 14:11:41'),
	(274, 'E-Toll', 132, 200000.00, 200000.00, 'aktif', '2025-10-21 14:11:41'),
	(277, 'Extrafood', 149, 1000.00, 1000.00, 'aktif', '2025-10-21 14:11:41'),
	(282, 'Fish Roll', 115, 20000.00, 20000.00, 'aktif', '2025-10-21 14:11:41'),
	(287, 'Garam', 116, 75000.00, 75000.00, 'aktif', '2025-10-21 14:11:41'),
	(292, 'Garpu Bening', 114, 270000.00, 270000.00, 'aktif', '2025-10-21 14:11:41'),
	(295, 'Garpu putih', 114, 320000.00, 320000.00, 'aktif', '2025-10-21 14:11:41'),
	(298, 'Gas 12KG', 133, 170000.00, 170000.00, 'aktif', '2025-10-21 14:11:41'),
	(301, 'Granola', 115, 20000.00, 20000.00, 'aktif', '2025-10-21 14:11:41'),
	(304, 'Gula Merah', 116, 14000.00, 14000.00, 'aktif', '2025-10-21 14:11:41'),
	(309, 'Gula Putih', 120, 18000.00, 18000.00, 'aktif', '2025-10-21 14:11:41'),
	(314, 'Gyoza', 115, 20000.00, 20000.00, 'aktif', '2025-10-21 14:11:41'),
	(317, 'Handglove', 115, 8000.00, 8000.00, 'aktif', '2025-10-21 14:11:41'),
	(320, 'Iga', 120, 45000.00, 45000.00, 'aktif', '2025-10-21 14:11:41'),
	(325, 'Ikan Asin Kapasan', 120, 85000.00, 85000.00, 'aktif', '2025-10-21 14:11:41'),
	(330, 'Ikan bawal', 120, 24000.00, 24000.00, 'aktif', '2025-10-21 14:11:41'),
	(335, 'Ikan Gurame', 120, 40000.00, 40000.00, 'aktif', '2025-10-21 14:11:41'),
	(340, 'Ikan Kembung', 120, 27000.00, 27000.00, 'aktif', '2025-10-21 14:11:41'),
	(345, 'Ikan Lele', 120, 24000.00, 24000.00, 'aktif', '2025-10-21 14:11:41'),
	(350, 'Ikan Mujaer', 120, 26000.00, 26000.00, 'aktif', '2025-10-21 14:11:41'),
	(355, 'Ikan Nila', 120, 25000.00, 25000.00, 'aktif', '2025-10-21 14:11:41'),
	(360, 'Ikan Patin', 120, 22000.00, 22000.00, 'aktif', '2025-10-21 14:11:41'),
	(365, 'Ikan tongkol', 120, 28000.00, 28000.00, 'aktif', '2025-10-21 14:11:41'),
	(370, 'Jagung', 120, 8000.00, 8000.00, 'aktif', '2025-10-21 14:11:41'),
	(375, 'Jahe', 120, 18000.00, 18000.00, 'aktif', '2025-10-21 14:11:41'),
	(380, 'Jamur Enoki', 115, 5000.00, 5000.00, 'aktif', '2025-10-21 14:11:41'),
	(383, 'Jamur Kancing', 120, 35000.00, 35000.00, 'aktif', '2025-10-21 14:11:41'),
	(388, 'Jamur Kuping', 120, 20000.00, 20000.00, 'aktif', '2025-10-21 14:11:41'),
	(393, 'Jamur Tiram', 120, 20000.00, 20000.00, 'aktif', '2025-10-21 14:11:41'),
	(398, 'Jeruk', 149, 2100.00, 2100.00, 'aktif', '2025-10-21 14:11:41'),
	(403, 'Jeruk kecil', 149, 1300.00, 1300.00, 'aktif', '2025-10-21 14:11:41'),
	(408, 'Jeruk limau', 120, 25000.00, 25000.00, 'aktif', '2025-10-21 14:11:41'),
	(413, 'Jeruk limau 2', 120, 18000.00, 18000.00, 'aktif', '2025-10-21 14:11:41'),
	(418, 'Jeruk Nipis', 120, 20000.00, 20000.00, 'aktif', '2025-10-21 14:11:41'),
	(423, 'Jinten', 120, 100000.00, 100000.00, 'aktif', '2025-10-21 14:11:41'),
	(428, 'Jus TMMIN', 115, 20000.00, 20000.00, 'aktif', '2025-10-21 14:11:41'),
	(433, 'Kacang kedelai', 120, 20000.00, 20000.00, 'aktif', '2025-10-21 14:11:41'),
	(438, 'Kacang Kupas', 120, 35000.00, 35000.00, 'aktif', '2025-10-21 14:11:41'),
	(443, 'Kacang merah', 120, 26000.00, 26000.00, 'aktif', '2025-10-21 14:11:41'),
	(448, 'Kacang Panjang', 120, 10000.00, 10000.00, 'aktif', '2025-10-21 14:11:41'),
	(453, 'Kacang polong', 115, 28000.00, 28000.00, 'aktif', '2025-10-21 14:11:41'),
	(458, 'kacang tanah', 120, 26000.00, 26000.00, 'aktif', '2025-10-21 14:11:41'),
	(463, 'Kangkung', 131, 30000.00, 30000.00, 'aktif', '2025-10-21 14:11:41'),
	(466, 'Kantong kresek', 115, 15000.00, 15000.00, 'aktif', '2025-10-21 14:11:41'),
	(469, 'Kapolaga', 120, 250000.00, 250000.00, 'aktif', '2025-10-21 14:11:41'),
	(474, 'Kara', 114, 750000.00, 750000.00, 'aktif', '2025-10-21 14:11:41'),
	(477, 'Kayu Manis', 120, 100000.00, 100000.00, 'aktif', '2025-10-21 14:11:41'),
	(482, 'Kecap', 141, 150000.00, 150000.00, 'aktif', '2025-10-21 14:11:41'),
	(484, 'Kecap Asin', 145, 25000.00, 25000.00, 'aktif', '2025-10-21 14:11:41'),
	(489, 'Kecap Ikan', 145, 38000.00, 38000.00, 'aktif', '2025-10-21 14:11:41'),
	(494, 'Kecap inggris', 145, 38000.00, 38000.00, 'aktif', '2025-10-21 14:11:41'),
	(499, 'Kecipir', 120, 15000.00, 15000.00, 'aktif', '2025-10-21 14:11:41'),
	(504, 'Keciwis', 120, 15000.00, 15000.00, 'aktif', '2025-10-21 14:11:41'),
	(509, 'Kecombrang', 120, 20000.00, 20000.00, 'aktif', '2025-10-21 14:11:41'),
	(514, 'Keju', 149, 15000.00, 15000.00, 'aktif', '2025-10-21 14:11:41'),
	(517, 'Kelapa Parut', 143, 15000.00, 15000.00, 'aktif', '2025-10-21 14:11:41'),
	(520, 'kelengkeng', 120, 50000.00, 50000.00, 'aktif', '2025-10-21 14:11:41'),
	(525, 'Kemangi', 131, 15000.00, 15000.00, 'aktif', '2025-10-21 14:11:41'),
	(528, 'Kembang Kol', 120, 10000.00, 10000.00, 'aktif', '2025-10-21 14:11:41'),
	(533, 'kembang pk', 120, 200000.00, 200000.00, 'aktif', '2025-10-21 14:11:41'),
	(538, 'Kembang tahu', 115, 35000.00, 35000.00, 'aktif', '2025-10-21 14:11:41'),
	(541, 'Kemiri', 120, 40000.00, 40000.00, 'aktif', '2025-10-21 14:11:41'),
	(546, 'Kencur', 120, 20000.00, 40000.00, 'aktif', '2025-10-21 14:11:41'),
	(551, 'Kentang AB', 120, 1000.00, 1000.00, 'aktif', '2025-10-21 14:11:41'),
	(556, 'Kentang Frozen', 115, 85000.00, 85000.00, 'aktif', '2025-10-21 14:11:41'),
	(559, 'Kentang PL', 120, 13000.00, 13000.00, 'aktif', '2025-10-21 14:11:41'),
	(564, 'Kertas KFC', 149, 9000.00, 9000.00, 'aktif', '2025-10-21 14:11:41'),
	(567, 'Kertas nasi', 115, 20000.00, 20000.00, 'aktif', '2025-10-21 14:11:41'),
	(570, 'Kertas nasi 2', 115, 20000.00, 20000.00, 'aktif', '2025-10-21 14:11:41'),
	(573, 'Kerupuk', 116, 100000.00, 100000.00, 'aktif', '2025-10-21 14:11:41'),
	(578, 'Kerupuk merah', 116, 50000.00, 50000.00, 'aktif', '2025-10-21 14:11:41'),
	(583, 'Kerupuk opak', 116, 80000.00, 80000.00, 'aktif', '2025-10-21 14:11:41'),
	(588, 'Kerupuk pelangi', 116, 65000.00, 65000.00, 'aktif', '2025-10-21 14:11:41'),
	(593, 'Kerupuk udang', 116, 150000.00, 150000.00, 'aktif', '2025-10-21 14:11:41'),
	(596, 'Ketupat', 149, 2000.00, 2000.00, 'aktif', '2025-10-21 14:11:41'),
	(601, 'Kikil', 120, 23000.00, 23000.00, 'aktif', '2025-10-21 14:11:41'),
	(611, 'Kimchi', 149, 40000.00, 40000.00, 'aktif', '2025-10-21 14:11:41'),
	(614, 'Kismis', 115, 18000.00, 18000.00, 'aktif', '2025-10-21 14:11:41'),
	(617, 'Kiwi', 120, 60000.00, 60000.00, 'aktif', '2025-10-21 14:11:41'),
	(622, 'Kluwek', 120, 28000.00, 28000.00, 'aktif', '2025-10-21 14:11:41'),
	(627, 'Kol', 120, 6500.00, 6500.00, 'aktif', '2025-10-21 14:11:41'),
	(632, 'Kol Ungu', 120, 50000.00, 50000.00, 'aktif', '2025-10-21 14:11:41'),
	(637, 'Kopi kapal api', 114, 170000.00, 170000.00, 'aktif', '2025-10-21 14:11:41'),
	(640, 'Kornet', 128, 35000.00, 35000.00, 'aktif', '2025-10-21 14:11:41'),
	(643, 'Krecek', 116, 60000.00, 60000.00, 'aktif', '2025-10-21 14:11:41'),
	(649, 'Kresek', 115, 15000.00, 15000.00, 'aktif', '2025-10-21 14:11:41'),
	(652, 'Kucai', 120, 28000.00, 28000.00, 'aktif', '2025-10-21 14:11:41'),
	(657, 'Kue Ekstra Food', 149, 1000.00, 1000.00, 'aktif', '2025-10-21 14:11:41'),
	(662, 'Kulit ayam', 120, 40000.00, 40000.00, 'aktif', '2025-10-21 14:11:41'),
	(672, 'Kulit kebab', 115, 26000.00, 26000.00, 'aktif', '2025-10-21 14:11:41'),
	(675, 'Kulit Lumpia', 115, 3000.00, 3000.00, 'aktif', '2025-10-21 14:11:41'),
	(678, 'Kulit Pangsit', 115, 8000.00, 8000.00, 'aktif', '2025-10-21 14:11:41'),
	(681, 'Kunyit', 120, 10000.00, 10000.00, 'aktif', '2025-10-21 14:11:41'),
	(686, 'Kwepie', 145, 23000.00, 23000.00, 'aktif', '2025-10-21 14:11:41'),
	(691, 'Kwetiau', 115, 15000.00, 15000.00, 'aktif', '2025-10-21 14:11:41'),
	(696, 'Labu', 120, 4000.00, 4000.00, 'aktif', '2025-10-21 14:11:41'),
	(701, 'Labu kuning', 120, 7000.00, 7000.00, 'aktif', '2025-10-21 14:11:41'),
	(706, 'Labu lalap', 120, 15000.00, 15000.00, 'aktif', '2025-10-21 14:11:41'),
	(711, 'Lada', 115, 10000.00, 10000.00, 'aktif', '2025-10-21 14:11:41'),
	(714, 'Lada Hitam', 120, 100000.00, 100000.00, 'aktif', '2025-10-21 14:11:41'),
	(717, 'Lasagna', 115, 37000.00, 37000.00, 'aktif', '2025-10-21 14:11:41'),
	(720, 'Lays Potato', 115, 20000.00, 20000.00, 'aktif', '2025-10-21 14:11:41'),
	(725, 'Lemon', 120, 15000.00, 15000.00, 'aktif', '2025-10-21 14:11:41'),
	(730, 'Lemon tea bubuk', 115, 70000.00, 70000.00, 'aktif', '2025-10-21 14:11:41'),
	(735, 'lemonilo', 149, 7000.00, 7000.00, 'aktif', '2025-10-21 14:11:41'),
	(743, 'Lengkuas', 120, 12000.00, 12000.00, 'aktif', '2025-10-21 14:11:41'),
	(748, 'Lettuce', 120, 23000.00, 23000.00, 'aktif', '2025-10-21 14:11:41'),
	(751, 'Lobak', 120, 10000.00, 10000.00, 'aktif', '2025-10-21 14:11:41'),
	(756, 'Lontong', 149, 2000.00, 2000.00, 'aktif', '2025-10-21 14:11:41'),
	(761, 'Makaroni', 115, 20000.00, 20000.00, 'aktif', '2025-10-21 14:11:41'),
	(764, 'Mama Lemon', 114, 130000.00, 130000.00, 'aktif', '2025-10-21 14:11:41'),
	(767, 'Mangga', 120, 28000.00, 28000.00, 'aktif', '2025-10-21 14:11:41'),
	(772, 'Mangga muda', 120, 15000.00, 15000.00, 'aktif', '2025-10-21 14:11:41'),
	(777, 'Masako', 114, 405000.00, 405000.00, 'aktif', '2025-10-21 14:11:41'),
	(780, 'Mayones', 115, 29000.00, 29000.00, 'aktif', '2025-10-21 14:11:41'),
	(783, 'Melon', 120, 10000.00, 10000.00, 'aktif', '2025-10-21 14:11:41'),
	(788, 'Mentega', 115, 7000.00, 7000.00, 'aktif', '2025-10-21 14:11:41'),
	(791, 'Mie 3 Ayam', 114, 85000.00, 85000.00, 'aktif', '2025-10-21 14:11:41'),
	(794, 'Mie Ayam', 119, 8000.00, 8000.00, 'aktif', '2025-10-21 14:11:41'),
	(799, 'Mie kuning', 115, 15000.00, 15000.00, 'aktif', '2025-10-21 14:11:41'),
	(802, 'Mie Lemonilo', 149, 7000.00, 7000.00, 'aktif', '2025-10-21 14:11:41'),
	(807, 'Mie spagethi', 115, 20000.00, 20000.00, 'aktif', '2025-10-21 14:11:41'),
	(810, 'Mika gorengan', 149, 25000.00, 25000.00, 'aktif', '2025-10-21 14:11:41'),
	(813, 'Minyak Wijen', 145, 38000.00, 38000.00, 'aktif', '2025-10-21 14:11:41'),
	(816, 'Misoa', 115, 25000.00, 25000.00, 'aktif', '2025-10-21 14:11:41'),
	(819, 'Mix Vegetable', 120, 30000.00, 30000.00, 'aktif', '2025-10-21 14:11:41'),
	(824, 'Mozarella', 115, 38000.00, 38000.00, 'aktif', '2025-10-21 14:11:41'),
	(827, 'Mpek-mpek', 119, 12000.00, 12000.00, 'aktif', '2025-10-21 14:11:41'),
	(832, 'Naga', 120, 25000.00, 25000.00, 'aktif', '2025-10-21 14:11:41'),
	(837, 'Nanas', 143, 6000.00, 6000.00, 'aktif', '2025-10-21 14:11:41'),
	(842, 'Nasi jagung', 120, 52000.00, 52000.00, 'aktif', '2025-10-21 14:11:41'),
	(845, 'Nori bubuk', 115, 15000.00, 15000.00, 'aktif', '2025-10-21 14:11:41'),
	(848, 'Nori kecil', 115, 15000.00, 15000.00, 'aktif', '2025-10-21 14:11:41'),
	(851, 'Nugget', 115, 38000.00, 38000.00, 'aktif', '2025-10-21 14:11:41'),
	(854, 'Nugget kenzler', 115, 30000.00, 30000.00, 'aktif', '2025-10-21 14:11:41'),
	(857, 'Oat', 115, 50000.00, 50000.00, 'aktif', '2025-10-21 14:11:41'),
	(860, 'Odeng', 115, 25000.00, 25000.00, 'aktif', '2025-10-21 14:11:41'),
	(863, 'Oncom', 140, 7000.00, 7000.00, 'aktif', '2025-10-21 14:11:41'),
	(866, 'Oyong', 120, 10000.00, 10000.00, 'aktif', '2025-10-21 14:11:41'),
	(871, 'Pakcoy', 120, 10000.00, 10000.00, 'aktif', '2025-10-21 14:11:41'),
	(876, 'Paket batagor', 119, 11000.00, 11000.00, 'aktif', '2025-10-21 14:11:41'),
	(881, 'Paprika', 120, 50000.00, 50000.00, 'aktif', '2025-10-21 14:11:41'),
	(886, 'Pare', 120, 10000.00, 10000.00, 'aktif', '2025-10-21 14:11:41'),
	(891, 'Peda', 137, 3500.00, 3500.00, 'aktif', '2025-10-21 14:11:41'),
	(894, 'Pepaya', 120, 8000.00, 8000.00, 'aktif', '2025-10-21 14:11:41'),
	(899, 'Pete', 140, 10000.00, 10000.00, 'aktif', '2025-10-21 14:11:41'),
	(904, 'Pewarna', 145, 5000.00, 5000.00, 'aktif', '2025-10-21 14:11:41'),
	(909, 'Pisang FK', 143, 1000.00, 1000.00, 'aktif', '2025-10-21 14:11:41'),
	(912, 'Pisang FS', 143, 1000.00, 1000.00, 'aktif', '2025-10-21 14:11:41'),
	(915, 'Pisang kepok', 139, 5000.00, 5000.00, 'aktif', '2025-10-21 14:11:41'),
	(920, 'Pisang Sunpride', 114, 150000.00, 150000.00, 'aktif', '2025-10-21 14:11:41'),
	(923, 'Plastik 10x20 PT', 120, 38000.00, 38000.00, 'aktif', '2025-10-21 14:11:41'),
	(928, 'Plastik 12x16 pp', 120, 30000.00, 30000.00, 'aktif', '2025-10-21 14:11:41'),
	(931, 'Plastik 12x25 PT', 120, 38000.00, 38000.00, 'aktif', '2025-10-21 14:11:41'),
	(936, 'Plastik 12x40 PP', 120, 40000.00, 40000.00, 'aktif', '2025-10-21 14:11:41'),
	(941, 'Plastik 14x20 PP', 120, 40000.00, 40000.00, 'aktif', '2025-10-21 14:11:41'),
	(946, 'Plastik 15x35 PT', 120, 38000.00, 38000.00, 'aktif', '2025-10-21 14:11:41'),
	(951, 'Plastik 40x60 TO', 139, 110000.00, 110000.00, 'aktif', '2025-10-21 14:11:41'),
	(954, 'Plastik 60x100 TO', 139, 110000.00, 110000.00, 'aktif', '2025-10-21 14:11:41'),
	(957, 'Plastik Sampah 90x120', 115, 10000.00, 10000.00, 'aktif', '2025-10-21 14:11:41'),
	(960, 'Plastik stengah kg', 115, 20000.00, 20000.00, 'aktif', '2025-10-21 14:11:41'),
	(963, 'Puding', 115, 11000.00, 11000.00, 'aktif', '2025-10-21 14:11:41'),
	(966, 'Putren', 120, 12000.00, 12000.00, 'aktif', '2025-10-21 14:11:41'),
	(971, 'Rawit Ijo', 120, 30000.00, 30000.00, 'aktif', '2025-10-21 14:11:41'),
	(976, 'Rawit Merah', 120, 35000.00, 35000.00, 'aktif', '2025-10-21 14:11:41'),
	(981, 'Rice bowl', 147, 85000.00, 85000.00, 'aktif', '2025-10-21 14:11:41'),
	(986, 'Rollade', 115, 22000.00, 22000.00, 'aktif', '2025-10-21 14:11:41'),
	(989, 'Roti burger', 115, 15000.00, 15000.00, 'aktif', '2025-10-21 14:11:41'),
	(992, 'Roti gandum', 115, 20000.00, 20000.00, 'aktif', '2025-10-21 14:11:41'),
	(995, 'Roti hot dog', 115, 15000.00, 15000.00, 'aktif', '2025-10-21 14:11:41'),
	(1000, 'Sakana Siomay', 115, 24000.00, 24000.00, 'aktif', '2025-10-21 14:11:41'),
	(1005, 'Sambal', 141, 145000.00, 145000.00, 'aktif', '2025-10-21 14:11:41'),
	(1008, 'Samhok', 115, 90000.00, 90000.00, 'aktif', '2025-10-21 14:11:41'),
	(1011, 'Saos Tomat', 141, 110000.00, 110000.00, 'aktif', '2025-10-21 14:11:41'),
	(1014, 'Sari Minang', 115, 10000.00, 10000.00, 'aktif', '2025-10-21 14:11:41'),
	(1017, 'Sate Ayam', 149, 1300.00, 1300.00, 'aktif', '2025-10-21 14:11:41'),
	(1020, 'Sauce bolognese', 149, 23000.00, 23000.00, 'aktif', '2025-10-21 14:11:41'),
	(1023, 'Sauce mentai', 115, 30000.00, 30000.00, 'aktif', '2025-10-21 14:11:41'),
	(1029, 'Sawi', 120, 6000.00, 6000.00, 'aktif', '2025-10-21 14:11:41'),
	(1034, 'Sedap malam', 120, 40000.00, 40000.00, 'aktif', '2025-10-21 14:11:41'),
	(1037, 'Selada', 120, 10000.00, 10000.00, 'aktif', '2025-10-21 14:11:41'),
	(1042, 'Seledri', 120, 20000.00, 20000.00, 'aktif', '2025-10-21 14:11:41'),
	(1047, 'Semangka', 120, 9000.00, 9000.00, 'aktif', '2025-10-21 14:11:41'),
	(1052, 'Sendok Bening', 114, 270000.00, 270000.00, 'aktif', '2025-10-21 14:11:41'),
	(1055, 'Sendok puding', 115, 11000.00, 11000.00, 'aktif', '2025-10-21 14:11:41'),
	(1058, 'Sereh', 120, 8000.00, 8000.00, 'aktif', '2025-10-21 14:11:41'),
	(1063, 'Shisamo', 115, 38000.00, 38000.00, 'aktif', '2025-10-21 14:11:41'),
	(1066, 'Singkong', 120, 6000.00, 6000.00, 'aktif', '2025-10-21 14:11:41'),
	(1071, 'Sirup', 145, 18000.00, 18000.00, 'aktif', '2025-10-21 14:11:41'),
	(1076, 'Snack puasa', 119, 15000.00, 15000.00, 'aktif', '2025-10-21 14:11:41'),
	(1079, 'Sosis', 115, 35000.00, 35000.00, 'aktif', '2025-10-21 14:11:41'),
	(1084, 'Sosis bakar', 115, 24000.00, 24000.00, 'aktif', '2025-10-21 14:11:41'),
	(1087, 'Soun', 116, 80000.00, 80000.00, 'aktif', '2025-10-21 14:11:41'),
	(1092, 'Spon busa', 115, 35000.00, 35000.00, 'aktif', '2025-10-21 14:11:41'),
	(1095, 'Spon Kawat', 115, 35000.00, 35000.00, 'aktif', '2025-10-21 14:11:41'),
	(1098, 'Strawberry', 115, 15000.00, 15000.00, 'aktif', '2025-10-21 14:11:41'),
	(1103, 'Sunkist', 120, 45000.00, 45000.00, 'aktif', '2025-10-21 14:11:41'),
	(1108, 'Sushi nori', 115, 40000.00, 40000.00, 'aktif', '2025-10-21 14:11:41'),
	(1111, 'Tauco', 145, 10000.00, 10000.00, 'aktif', '2025-10-21 14:11:41'),
	(1116, 'Teh', 115, 30000.00, 30000.00, 'aktif', '2025-10-21 14:11:41'),
	(1119, 'Telur Asin', 143, 3300.00, 3300.00, 'aktif', '2025-10-21 14:11:41'),
	(1122, 'Temu kunci', 120, 25000.00, 25000.00, 'aktif', '2025-10-21 14:11:41'),
	(1127, 'Tepung Beras', 114, 145000.00, 145000.00, 'aktif', '2025-10-21 14:11:41'),
	(1130, 'Tepung Roti', 144, 150000.00, 150000.00, 'aktif', '2025-10-21 14:11:41'),
	(1133, 'Tepung Tapioka', 114, 145000.00, 145000.00, 'aktif', '2025-10-21 14:11:41'),
	(1136, 'Teri', 120, 60000.00, 60000.00, 'aktif', '2025-10-21 14:11:41'),
	(1141, 'Teri nasi', 120, 90000.00, 90000.00, 'aktif', '2025-10-21 14:11:41'),
	(1146, 'Terigu', 144, 235000.00, 235000.00, 'aktif', '2025-10-21 14:11:41'),
	(1149, 'Teriyaki', 145, 60000.00, 60000.00, 'aktif', '2025-10-21 14:11:41'),
	(1154, 'Terong', 120, 6000.00, 6000.00, 'aktif', '2025-10-21 14:11:41'),
	(1159, 'Terong bulat', 120, 10000.00, 10000.00, 'aktif', '2025-10-21 14:11:41'),
	(1164, 'Terong lalap', 120, 15000.00, 15000.00, 'aktif', '2025-10-21 14:11:41'),
	(1169, 'Timun', 120, 5000.00, 5000.00, 'aktif', '2025-10-21 14:11:41'),
	(1174, 'Timun kyuri', 120, 15000.00, 15000.00, 'aktif', '2025-10-21 14:11:41'),
	(1179, 'Tiram', 145, 55000.00, 55000.00, 'aktif', '2025-10-21 14:11:41'),
	(1184, 'Tofu', 149, 8000.00, 8000.00, 'aktif', '2025-10-21 14:11:41'),
	(1189, 'Toge', 120, 10000.00, 10000.00, 'aktif', '2025-10-21 14:11:41'),
	(1194, 'Toge Pendek', 120, 25000.00, 25000.00, 'aktif', '2025-10-21 14:11:41'),
	(1199, 'Tomat Cherry', 115, 19000.00, 19000.00, 'aktif', '2025-10-21 14:11:41'),
	(1204, 'Tomat Ijo', 120, 7000.00, 7000.00, 'aktif', '2025-10-21 14:11:41'),
	(1209, 'Tomat Merah', 120, 8000.00, 8000.00, 'aktif', '2025-10-21 14:11:41'),
	(1214, 'Tumbar', 115, 10000.00, 10000.00, 'aktif', '2025-10-21 14:11:41'),
	(1217, 'Tunjang', 120, 60000.00, 60000.00, 'aktif', '2025-10-21 14:11:41'),
	(1222, 'Tusuk Gigi steril', 115, 15000.00, 15000.00, 'aktif', '2025-10-21 14:11:41'),
	(1225, 'Tusuk sate', 115, 15000.00, 15000.00, 'aktif', '2025-10-21 14:11:41'),
	(1228, 'Ubi ungu', 120, 10000.00, 10000.00, 'aktif', '2025-10-21 14:11:41'),
	(1233, 'Udang', 120, 75000.00, 75000.00, 'aktif', '2025-10-21 14:11:41'),
	(1238, 'Udon', 149, 15000.00, 15000.00, 'aktif', '2025-10-21 14:11:41'),
	(1241, 'Laos', 120, 20000.00, 20000.00, 'aktif', '2025-10-21 14:11:41'),
	(1244, 'Ultra Milk', 114, 140000.00, 140000.00, 'aktif', '2025-10-21 14:11:41'),
	(1247, 'Wakame', 138, 60000.00, 60000.00, 'aktif', '2025-10-21 14:11:41'),
	(1253, 'Wijen', 120, 25000.00, 25000.00, 'aktif', '2025-10-21 14:11:41'),
	(1258, 'Wortel', 120, 7000.00, 7000.00, 'aktif', '2025-10-21 14:11:41'),
	(1263, 'Wrafing', 116, 170001.00, 170000.00, 'aktif', '2025-10-21 14:11:41'),
	(1266, 'Wraping', 116, 180000.00, 180001.00, 'aktif', '2025-10-21 14:11:41'),
	(1271, 'Yakult', 136, 1690.00, 1690.00, 'aktif', '2025-10-21 14:11:41'),
	(1281, 'Bebek TMMIN', 137, 49500.00, 49500.00, 'aktif', '2025-11-28 10:47:37'),
	(1282, 'Tempe', 140, 5500.00, 6000.00, 'aktif', '2025-12-23 18:39:28');

-- Dumping structure for table menu_ryan_catering.customer
CREATE TABLE IF NOT EXISTS `customer` (
  `id_customer` int NOT NULL AUTO_INCREMENT,
  `nama_customer` varchar(100) NOT NULL,
  `no_hp` varchar(20) DEFAULT NULL,
  `email` varchar(100) DEFAULT NULL,
  `alamat` varchar(255) CHARACTER SET utf8mb4 COLLATE utf8mb4_0900_ai_ci DEFAULT NULL,
  `customer_img` varchar(255) CHARACTER SET utf8mb4 COLLATE utf8mb4_0900_ai_ci DEFAULT NULL,
  `harga_makan` int DEFAULT NULL,
  `food_cost_max` int DEFAULT NULL,
  `created_at` datetime DEFAULT CURRENT_TIMESTAMP,
  `updated_at` datetime DEFAULT CURRENT_TIMESTAMP ON UPDATE CURRENT_TIMESTAMP,
  PRIMARY KEY (`id_customer`)
) ENGINE=InnoDB AUTO_INCREMENT=16 DEFAULT CHARSET=utf8mb4 COLLATE=utf8mb4_0900_ai_ci;

-- Dumping data for table menu_ryan_catering.customer: ~7 rows (approximately)
INSERT INTO `customer` (`id_customer`, `nama_customer`, `no_hp`, `email`, `alamat`, `customer_img`, `harga_makan`, `food_cost_max`, `created_at`, `updated_at`) VALUES
	(4, 'PT TPIN', '08285025802', 'dsn@mail.com', 'KIM', 'PT-TT-Techno-Park-Indonesia.jpg', 16100, 13000, '2025-08-19 10:37:24', '2025-09-17 10:59:54'),
	(5, 'PT Astra Dihatsu Motor (KAP)', '0202020202', 'daihatsu@gmail.com', 'Suryacipta', 'adm.jpg', 15000, 20000, '2025-08-19 10:38:46', '2025-09-15 14:42:51'),
	(11, 'PT TMMIN', '081101012200', 'toyota@gmail.com', 'KIIC', 'TMMIN.jpg', 19600, 15000, '2025-08-22 08:22:54', '2025-11-14 15:38:41'),
	(12, 'PT AKEBONO', '025285522', 'akebono@mail.com', 'KIIJ', 'AKEBONO.jpg', 15714, 13000, '2025-08-22 08:48:56', '2025-09-17 11:01:44'),
	(13, 'PT Astra Dihatsu Motor (Engine Plan)', '3221210000', 'adm@admin.com', 'KIIC', 'adm1.jpg', 20000, 15000, '2025-08-22 08:51:20', '2025-09-15 14:49:23'),
	(14, 'PT Astra Dihatsu Motor (Casting)', '022002525', 'adm@casting.com', 'kiic', 'adm2.jpg', 20000, 15000, '2025-08-22 08:53:22', '2025-09-15 14:49:36'),
	(15, 'PT SUMITOMO', '0258147369', 'sumitomo@mail.com', 'KIIC', 'tpin1.jpg', 18000, 13000, '2025-09-02 03:45:17', '2025-09-17 11:01:09');

-- Dumping structure for table menu_ryan_catering.kantin
CREATE TABLE IF NOT EXISTS `kantin` (
  `id_kantin` int NOT NULL AUTO_INCREMENT,
  `id_customer` int NOT NULL,
  `nama_kantin` varchar(100) NOT NULL,
  `alamat` varchar(255) DEFAULT NULL,
  `created_at` datetime DEFAULT CURRENT_TIMESTAMP,
  `updated_at` datetime DEFAULT CURRENT_TIMESTAMP ON UPDATE CURRENT_TIMESTAMP,
  PRIMARY KEY (`id_kantin`),
  KEY `id_customer` (`id_customer`),
  CONSTRAINT `kantin_ibfk_1` FOREIGN KEY (`id_customer`) REFERENCES `customer` (`id_customer`)
) ENGINE=InnoDB AUTO_INCREMENT=9 DEFAULT CHARSET=utf8mb4 COLLATE=utf8mb4_0900_ai_ci;

-- Dumping data for table menu_ryan_catering.kantin: ~5 rows (approximately)
INSERT INTO `kantin` (`id_kantin`, `id_customer`, `nama_kantin`, `alamat`, `created_at`, `updated_at`) VALUES
	(1, 4, 'TPIN ctn', 'Gedung A Kantin TPIN', '2025-09-15 09:44:26', '2025-12-01 14:44:25'),
	(2, 11, 'AB', 'Plan 1 Kantin AB', '2025-09-15 09:51:39', '2025-09-15 17:35:24'),
	(3, 11, 'AT', 'lantai atas', '2025-10-03 10:30:06', '2025-10-31 15:22:13'),
	(4, 11, 'WB', 'LANTAI 2 PLAN 1', '2025-10-31 08:22:55', '2025-10-31 15:22:55'),
	(5, 11, 'WA', 'lantai Bawah kantin bawah', '2025-10-31 08:23:45', '2025-10-31 15:23:45'),
	(6, 11, 'Traknus', 'Plan 1', '2025-10-31 08:24:30', '2025-10-31 15:24:30'),
	(7, 5, 'KAP 1', 'KAP SURCIPTA', '2025-11-05 10:01:20', '2025-11-05 17:01:20'),
	(8, 11, 'CY', 'Plan 1', '2025-11-11 09:29:50', '2025-11-11 16:29:50');

-- Dumping structure for table menu_ryan_catering.kategori_menu
CREATE TABLE IF NOT EXISTS `kategori_menu` (
  `id_kategori` int NOT NULL AUTO_INCREMENT,
  `nama_kategori` varchar(100) COLLATE utf8mb4_unicode_ci NOT NULL,
  `deskripsi_kategori` text COLLATE utf8mb4_unicode_ci,
  `urutan_tampil` int DEFAULT '0',
  `created_at` datetime DEFAULT CURRENT_TIMESTAMP,
  `updated_at` datetime DEFAULT CURRENT_TIMESTAMP ON UPDATE CURRENT_TIMESTAMP,
  PRIMARY KEY (`id_kategori`),
  UNIQUE KEY `nama_kategori` (`nama_kategori`)
) ENGINE=InnoDB AUTO_INCREMENT=151 DEFAULT CHARSET=utf8mb4 COLLATE=utf8mb4_unicode_ci;

-- Dumping data for table menu_ryan_catering.kategori_menu: ~8 rows (approximately)
INSERT INTO `kategori_menu` (`id_kategori`, `nama_kategori`, `deskripsi_kategori`, `urutan_tampil`, `created_at`, `updated_at`) VALUES
	(2, 'Lauk Utama', 'Berbagai macam olahan menu lauk utama (Daging, Ayam, Ikan, Telur)', 0, '2025-07-09 11:03:33', '2025-07-16 08:56:54'),
	(3, 'Pendamping Kering', 'Berbagai macam menu sayuran yang digoreng', 3, '2025-07-09 11:03:33', '2025-07-09 11:06:58'),
	(4, 'Tumisan', 'Menu tumisan yang tidak ada kuahnya', 0, '2025-07-09 11:03:33', '2025-07-16 05:52:38'),
	(5, 'Sayuran Berkuah', 'Menu sayuran yang memiliki kuah', 5, '2025-07-09 11:03:33', '2025-07-09 11:03:33'),
	(6, 'Sambal', 'Aneka jenis sambal pedas atau segar', 6, '2025-07-09 11:03:33', '2025-07-09 11:03:33'),
	(139, 'Pendamping Basah', 'Tumisan sayur basah', 0, '2025-07-25 09:57:35', '2025-07-25 09:57:35'),
	(142, 'Nasi', 'Berbagai macam Olahan Nasi', 0, '2025-09-16 01:44:04', '2025-09-16 01:44:04'),
	(143, 'Buah', 'Aneka buah potong', 0, '2025-09-16 11:47:50', '2025-09-18 08:44:01');

-- Dumping structure for table menu_ryan_catering.menu
CREATE TABLE IF NOT EXISTS `menu` (
  `id_komponen` int NOT NULL AUTO_INCREMENT,
  `id_kategori` int NOT NULL,
  `id_thematik` int DEFAULT NULL,
  `id_negara` int DEFAULT NULL,
  `menu_nama` varchar(255) CHARACTER SET utf8mb4 COLLATE utf8mb4_unicode_ci NOT NULL DEFAULT '0',
  `menu_deskripsi` text CHARACTER SET utf8mb4 COLLATE utf8mb4_unicode_ci,
  `menu_gambar` varchar(255) CHARACTER SET utf8mb4 COLLATE utf8mb4_unicode_ci DEFAULT NULL COMMENT 'Path atau nama file gambar',
  `menu_harga` int DEFAULT NULL,
  `created_at` datetime DEFAULT CURRENT_TIMESTAMP,
  `updated_at` datetime DEFAULT CURRENT_TIMESTAMP ON UPDATE CURRENT_TIMESTAMP,
  PRIMARY KEY (`id_komponen`),
  KEY `fk_komponen_menu_kategori` (`id_kategori`),
  KEY `idx_id_thematik` (`id_thematik`) USING BTREE,
  CONSTRAINT `fk_komponen_menu_kategori` FOREIGN KEY (`id_kategori`) REFERENCES `kategori_menu` (`id_kategori`) ON DELETE RESTRICT ON UPDATE CASCADE,
  CONSTRAINT `fk_menu_thematik` FOREIGN KEY (`id_thematik`) REFERENCES `thematik` (`id_thematik`) ON DELETE SET NULL ON UPDATE CASCADE
) ENGINE=InnoDB AUTO_INCREMENT=130 DEFAULT CHARSET=utf8mb4 COLLATE=utf8mb4_unicode_ci;

-- Dumping data for table menu_ryan_catering.menu: ~24 rows (approximately)
INSERT INTO `menu` (`id_komponen`, `id_kategori`, `id_thematik`, `id_negara`, `menu_nama`, `menu_deskripsi`, `menu_gambar`, `menu_harga`, `created_at`, `updated_at`) VALUES
	(95, 2, NULL, 21, 'Ayam Goreng', '', '20250902035040.jpg', 5000, '2025-09-02 03:50:40', '2025-09-23 09:42:00'),
	(105, 142, 1, 20, 'Nasi Putih', '', '20250916105440.jpeg', 2500, '2025-09-16 10:54:40', '2025-12-23 16:53:39'),
	(107, 139, NULL, 20, 'kangkung', '', '20250916105553.jpeg', 3000, '2025-09-16 10:55:53', '2025-09-16 10:55:53'),
	(108, 3, NULL, 20, 'goreng tempe', '', '20250916105629.jpeg', 1000, '2025-09-16 10:56:29', '2025-09-16 10:56:29'),
	(109, 6, NULL, 20, 'Sambal Terasi', '', '20250916105717.jpeg', 1000, '2025-09-16 10:57:17', '2025-09-17 03:39:54'),
	(110, 5, NULL, 20, 'Sop Sayuran', '', '20250916105809.jpg', 5000, '2025-09-16 10:58:09', '2025-09-16 10:58:09'),
	(111, 143, NULL, 20, 'Jeruk', '', '20250916114837.jpeg', 3000, '2025-09-16 11:48:37', '2025-09-16 11:48:37'),
	(112, 2, NULL, 20, 'Ikan Bakar', '', '20250917032250.jpeg', 3000, '2025-09-17 03:22:50', '2025-09-17 03:22:50'),
	(113, 2, NULL, 20, 'Ikan Mujair', '', '20250917032455.jpeg', 10000, '2025-09-17 03:24:55', '2025-09-17 03:25:15'),
	(114, 2, 3, 20, 'Soto Betawi Daging', '', '20250917033713.jpeg', 10200, '2025-09-17 03:37:13', '2025-10-20 11:16:45'),
	(115, 3, 4, 20, 'Perkedel Kentang', '', '20250917033810.jpeg', 2000, '2025-09-17 03:38:10', '2025-10-20 11:12:52'),
	(116, 139, 2, 20, 'Acar', '', '20250917033926.jpeg', 1000, '2025-09-17 03:39:26', '2025-10-20 11:12:46'),
	(118, 142, 2, NULL, 'Sukun', '32234', '20251020033020.jpg', 12000, '2025-10-20 10:30:20', '2025-10-20 11:12:34'),
	(119, 4, 1, NULL, 'Bebek Thailand', '1. Bakso Cuanki dan Batagor Serayu\r\nSesuai namanya, Bakso Cuanki dan Batagor Serayu belokasi di Jalan Serayu.  Bakso Cuanki dan Batagor Serayu merupakan salah satu tempat batagor enak di bandung. Tempat ini selalu ramai oleh pengunjung karena menawarkan m', '20251029031253.png', 12, '2025-10-29 10:12:53', '2025-12-15 19:09:29'),
	(120, 142, 1, NULL, 'Nasi Liwet', '', NULL, 1, '2025-11-11 16:24:58', '2025-11-11 16:24:58'),
	(121, 2, 1, NULL, 'Ayam Bakar Bb Woku', '', NULL, 0, '2025-11-11 16:25:30', '2025-11-11 16:25:30'),
	(122, 2, 1, NULL, 'Dadar Sayuran', '', NULL, 1, '2025-11-11 16:25:58', '2025-11-11 16:25:58'),
	(123, 2, 1, NULL, 'Daging Semur', '', NULL, 1, '2025-11-11 16:26:29', '2025-11-11 16:26:29'),
	(124, 2, 1, NULL, 'Pepes Ikan', '', NULL, 1, '2025-11-11 16:26:55', '2025-11-11 16:26:55'),
	(125, 3, 4, NULL, 'Tahu Bacem', '', NULL, 1, '2025-11-11 16:27:28', '2025-12-12 17:41:15'),
	(126, 139, 1, NULL, 'Tumis Buncis Wortel', '', NULL, 1, '2025-11-11 16:27:56', '2025-11-11 16:27:56'),
	(127, 5, 1, NULL, 'Sayur Asem', '', NULL, 1, '2025-11-11 16:28:19', '2025-11-11 16:28:19'),
	(128, 5, 1, NULL, 'Bening Bayam Labu Siam', '1. Bakso Cuanki dan Batagor Serayu\r\nSesuai namanya, Bakso Cuanki dan Batagor Serayu belokasi di Jalan Serayu.  Bakso Cuanki dan Batagor Serayu merupakan salah satu tempat batagor enak di bandung. Tempat ini selalu ramai oleh pengunjung karena menawarkan menu batagor yang murah dan enak. \r\n\r\nSelain menyajikan batagor, Bakso Cuanki dan Batagor Serayu juga menyediakan menu cuanki. Beberapa menu andalan di tempat makan ini yaitu batagor bumbu kacang, batagor kuah, dan cuangki spesial.\r\n\r\nAlamat: Jl. Serayu No.2, Cihapit, Kec. Bandung Wetan, Kota Bandung\r\nEstimasi harga menu: Rp25.000 – Rp50.000\r\n2. Batagor Kingsley\r\nRekomendasi batagor enak di Bandung selanjutnya adalah Batagor Kingsley.  Batagor Kingsley bisa dijadikan tempat makan keluarga ketika Bunda dan keluarga berencana makan batagor di Bandung. Batagor Kingsley juga menyediakan menu anak, sehingga Si Kecil bisa ikut menikmati kuliner enak yang satu ini.\r\n\r\nTerletak di Jalan Veteran No.25 Kota Bandung, Batagor Kingsley menyajikan menu batagor dan siomay. Selain itu, Bunda juga bisa menjadikan batagor di restoran ini sebagai oleh-oleh khas bandung. \r\n\r\nAlamat: Jl. Veteran No.25, Kb. Pisang, Kec. Sumur Bandung, Kota Bandung\r\nEstimasi harga menu: Rp25.000 – Rp75.000\r\n3. Batagor Burangrang\r\nBatagor Burangrang tidak hanya menyediakan menu batagor yang dapat dinikmati di tempat. Salah satu batagor enak di Bandung ini menyediakan batagor yang dikemas vacuum pack yang bisa bertahan selama lima hari di suhu ruang, agar dapat dijadikan oleh-oleh.\r\n\r\nBatagor yang disajikan di Batagor Burangrang terbuat dari ikan tenggiri pilihan, sehingga cita rasanya tidak perlu diragukan lagi. Selain itu, Batagor Burangrang juga menyajikan menu lain seperti makaroni dan yogurt homemade yang bisa jadi pelengkap hidangan Bunda.\r\n\r\nAlamat: Jl. Burangrang. 7 Seberang Sekolah BPI Burangrang, Malabar, Kec. Lengkong, Kota Bandung\r\nEstimasi harga menu: Rp25.000 – Rp50.000\r\n4. Batagor Haji Yunus\r\nBatagor Haji Yunus merupakan restoran batagor legendaris di Bandung yang telah berdiri sejak 1972. Batagor Haji Yunus bisa dijadikan tempat makan keluarga. Tempat makan batagor ini menyediakan tempat yang cukup luas dan terdapat area di lantai dua.\r\n\r\nTidak hanya menyediakan batagor, Batagor Haji Yunus juga menghidangkan menu lain seperti mie bakso dan bihun. Selain memiliki cita rasa yang enak, harga menu makanan di Batagor Haji Yunus juga terjangkau.\r\n\r\nAlamat: Jl. Raya Kopo No.68, RT.10/RW.01, Babakan Asih, Kec. Bojongloa Kaler, Kota Bandung\r\nEstimasi harga menu: Rp25.000 – Rp50.000\r\n5. Batagor Riri\r\nRekomendasi tempat makan batagor enak berikutnya adalah Batagor Riri. Restoran ini telah eksis sejak tahun 1985 dan konsisten menghidangkan menu batagor yang lezat hingga saat ini.\r\n\r\nBatagor Riri menyediakan menu batagor dan siomay yang bervariasi dan tersedia juga menu paket. Restoran batagor ini memiliki tempat yang luas, sehingga bisa dijadikan tempat makan bersama keluarga. \r\n\r\nAlamat: Jl. Burangrang No.41, Malabar, Kec. Lengkong, Kota Bandung\r\nEstimasi harga menu: Rp25.000 – Rp75.000\r\n6. Batagor dan Baso Simpang Dago\r\nBatagor dan Baso Simpang Dago menyajikan aneka menu batagor dan siomay, serta menu lain seperti nasi goreng, aneka mie dan kwetiaw, dan aneka chinese food. Dengan banyaknya menu yang ditawarkan, Bunda dapat memilih menu sesuai selera.\r\n\r\nBatagor dan Baso Simpang Dago menyediakan tempat yang cukup luas. Bagi Bunda yang tertarik mengunjungi tempat makan enak ini, Bunda bisa datang ke lokasinya yang berada di Jalan. Ir. H. Juanda No.218 Kota Bandung.\r\n\r\nAlamat: Jl. Ir. H. Juanda No.218, Lebakgede, Kecamatan Coblong, Kota Bandung\r\nEstimasi harga menu: di bawah Rp50.000\r\n7. Batagor Haji Isan \r\nBatagor Haji Isan Bandung menjadi salah satu tempat batagor viral di Bandung pada masanya. Hingga sekarang pun, tempat batagor legendaris di Bandung ini masih ramai didatangi pengunjung.\r\n\r\nTempat batagor ini berhasil menyajikan batagor dengan cita rasa yang tidak berubah dari masa ke masa. Selain itu, Batagor H Isan menjadi tempat batagor enak dan murah di Bandung.\r\n\r\nTerdapat beberapa cabang Batagor Haji Isan  yang tersebar di beberapa daerah di Bandung, sehingga Bunda bisa mengunjungi batagor Isan Bandung yang terdekat dari lokasi Bunda.\r\n\r\nAlamat: Jl. Lodaya No.85, Lkr. Sel., Kec. Lengkong, Kota Bandung\r\nEstimasi harga menu: di bawah Rp25.000\r\n8. Batagor Haji Darto\r\nBatagor Haji Darto berlokasi di Jalan  Ir. H. Juanda No.202 Kota Bandung. Tempat makan batagor ini menyediakan aneka batagor, baik batagor kering maupun batagor kuah.\r\n\r\nSelain itu, Bunda juga bisa memadukan batagor dengan pilihan menu lain seperti bakso dan mie. Bunda tidak perlu khawatir karena harga menu makanan di Batagor Haji Darto  cukup terjangkau.\r\n\r\nAlamat:Jl. Ir. H. Juanda No.202, RW.01, Lebakgede, Kecamatan Coblong, Kota Bandung\r\nEstimasi harga menu: Rp12.000 - Rp32.000\r\n9. Batagor Abuy\r\nBatagor Abuy merupakan batagor Bandung terdekat di Lengkong Besar. Tidak hanya menyediakan menu batagor di tempat, restoran yang satu ini menyediakan batagor untuk dijadikan oleh-oleh khas Bandung. \r\n\r\nSelain itu, apabila Bunda belum sempat mendatangi Batagor Abuy, Bunda tetap bisa menikmati batagor ini yang tersedia di marketplace. Sehingga, Bunda bisa menikmati sajian Batagor Abuy dari mana pun dan kapan pun.\r\n\r\nAlamat: Jl. Lengkong Besar No.47, Paledang, Kec. Lengkong, Kota Bandung\r\nEstimasi harga menu: Rp25.000 – Rp50.000\r\n10. Batagor Hanjuang Astina\r\nBatagor Hanjuang Astina merupakan tempat batagor kaki lima yang enak dan murah di Bandung. Berlokasi di Jalan  Astina No.5 Pamoyanan Kota Bandung, Batagor Hanjuang Astina berada di pinggir jalan sehingga mudah ditemukan.\r\n\r\nMeskipun menu yang ditawarkan sederhana, terdiri atas batagor kuah atau kering, serta bakso tahu, Batagor Hanjuang Astina selalu ramai oleh pembeli karena rasa batagornya yang menggugah selera.', '20251218074950.png', 1, '2025-11-11 16:28:43', '2025-12-18 14:49:50'),
	(129, 2, 1, NULL, 'sop daging', 'coba pikirkan secara logika', NULL, NULL, '2025-12-12 22:18:57', '2025-12-26 15:07:59');

-- Dumping structure for table menu_ryan_catering.menu_bahan_utama
CREATE TABLE IF NOT EXISTS `menu_bahan_utama` (
  `id` int NOT NULL AUTO_INCREMENT,
  `menu_id` int NOT NULL,
  `bahan_id` int NOT NULL,
  `created_at` timestamp NULL DEFAULT CURRENT_TIMESTAMP,
  PRIMARY KEY (`id`),
  KEY `idx_menu` (`menu_id`),
  KEY `idx_bahan` (`bahan_id`),
  CONSTRAINT `fk_mbu_bahan` FOREIGN KEY (`bahan_id`) REFERENCES `bahan` (`id_bahan`) ON DELETE RESTRICT ON UPDATE CASCADE,
  CONSTRAINT `fk_mbu_menu` FOREIGN KEY (`menu_id`) REFERENCES `menu` (`id_komponen`) ON DELETE CASCADE ON UPDATE CASCADE
) ENGINE=InnoDB AUTO_INCREMENT=88 DEFAULT CHARSET=utf8mb4 COLLATE=utf8mb4_0900_ai_ci;

-- Dumping data for table menu_ryan_catering.menu_bahan_utama: ~27 rows (approximately)
INSERT INTO `menu_bahan_utama` (`id`, `menu_id`, `bahan_id`, `created_at`) VALUES
	(49, 119, 1, '2025-12-16 01:55:39'),
	(50, 119, 7, '2025-12-16 01:55:39'),
	(51, 119, 28, '2025-12-16 01:55:39'),
	(52, 119, 46, '2025-12-16 01:55:39'),
	(53, 119, 59, '2025-12-16 01:55:39'),
	(66, 128, 1, '2025-12-22 21:10:33'),
	(67, 128, 4, '2025-12-22 21:10:33'),
	(68, 128, 7, '2025-12-22 21:10:33'),
	(69, 128, 10, '2025-12-22 21:10:33'),
	(70, 128, 28, '2025-12-22 21:10:33'),
	(71, 128, 15, '2025-12-22 21:10:33'),
	(72, 128, 20, '2025-12-22 21:10:33'),
	(73, 128, 38, '2025-12-22 21:10:33'),
	(74, 128, 74, '2025-12-22 21:10:33'),
	(75, 105, 96, '2025-12-23 02:53:39'),
	(76, 127, 696, '2025-12-24 02:41:15'),
	(77, 127, 153, '2025-12-24 02:41:15'),
	(78, 127, 370, '2025-12-24 02:41:15'),
	(79, 127, 448, '2025-12-24 02:41:15'),
	(80, 127, 214, '2025-12-24 02:41:15'),
	(81, 126, 133, '2025-12-24 02:41:48'),
	(82, 126, 1258, '2025-12-24 02:41:48'),
	(83, 125, 538, '2025-12-26 00:02:07'),
	(84, 129, 211, '2025-12-26 01:07:59'),
	(85, 129, 559, '2025-12-26 01:07:59'),
	(86, 129, 1258, '2025-12-26 01:07:59'),
	(87, 129, 43, '2025-12-26 01:07:59');

-- Dumping structure for table menu_ryan_catering.menu_harian
CREATE TABLE IF NOT EXISTS `menu_harian` (
  `id_menu_harian` int NOT NULL AUTO_INCREMENT,
  `tanggal` date NOT NULL,
  `shift` enum('lunch','dinner','supper') NOT NULL,
  `id_customer` int NOT NULL,
  `id_kantin` int NOT NULL,
  `nama_menu` varchar(100) NOT NULL,
  `remark` varchar(255) DEFAULT NULL,
  `jenis_menu` enum('regular','paket','sehat','staff') CHARACTER SET utf8mb4 COLLATE utf8mb4_0900_ai_ci NOT NULL,
  `total_orderan_customer` int DEFAULT '0',
  `created_at` datetime DEFAULT CURRENT_TIMESTAMP,
  `updated_at` datetime DEFAULT CURRENT_TIMESTAMP ON UPDATE CURRENT_TIMESTAMP,
  PRIMARY KEY (`id_menu_harian`),
  KEY `id_customer` (`id_customer`),
  KEY `id_kantin` (`id_kantin`),
  CONSTRAINT `menu_harian_ibfk_1` FOREIGN KEY (`id_customer`) REFERENCES `customer` (`id_customer`),
  CONSTRAINT `menu_harian_ibfk_2` FOREIGN KEY (`id_kantin`) REFERENCES `kantin` (`id_kantin`)
) ENGINE=InnoDB AUTO_INCREMENT=299 DEFAULT CHARSET=utf8mb4 COLLATE=utf8mb4_0900_ai_ci;

-- Dumping data for table menu_ryan_catering.menu_harian: ~26 rows (approximately)
INSERT INTO `menu_harian` (`id_menu_harian`, `tanggal`, `shift`, `id_customer`, `id_kantin`, `nama_menu`, `remark`, `jenis_menu`, `total_orderan_customer`, `created_at`, `updated_at`) VALUES
	(247, '2025-10-31', 'lunch', 11, 2, 'Ayam', 'coba dipikirkan secara logika', 'regular', 280, '2025-12-15 11:44:57', '2025-12-15 11:44:57'),
	(269, '2025-10-31', 'supper', 11, 2, 'Nasi Gudeg Jogja', 'coba dipikirkan secara logika', 'regular', 50, '2025-12-23 16:56:57', '2025-12-23 16:56:57'),
	(270, '2025-10-31', 'dinner', 11, 2, 'Ayam', 'coba dipikirkan secara logika', 'regular', 57, '2025-12-23 16:57:09', '2025-12-23 16:57:09'),
	(271, '2025-10-31', 'dinner', 11, 3, 'Ayam', 'coba dipikirkan secara logika', 'regular', 57, '2025-12-23 16:57:09', '2025-12-23 16:57:09'),
	(272, '2025-10-31', 'dinner', 11, 4, 'Ayam', 'coba dipikirkan secara logika', 'regular', 57, '2025-12-23 16:57:09', '2025-12-23 16:57:09'),
	(273, '2025-10-30', 'supper', 4, 1, 'Nasi Gudeg Jogja', '', 'paket', 25, '2025-12-23 16:57:18', '2025-12-23 16:57:18'),
	(274, '2025-11-29', 'dinner', 11, 2, 'ikan mujaer ', 'coba dipikirkan secara logika', 'regular', 12, '2025-12-23 16:57:27', '2025-12-23 16:57:27'),
	(275, '2025-11-29', 'dinner', 11, 3, 'ikan mujaer ', 'coba dipikirkan secara logika', 'regular', 12, '2025-12-23 16:57:27', '2025-12-23 16:57:27'),
	(276, '2025-11-29', 'dinner', 11, 4, 'ikan mujaer ', 'coba dipikirkan secara logika', 'regular', 12, '2025-12-23 16:57:27', '2025-12-23 16:57:27'),
	(277, '2025-11-13', 'lunch', 11, 2, 'Sunda nese', 'coba dipikirkan secara logika', 'regular', 12, '2025-12-23 16:57:36', '2025-12-23 16:57:36'),
	(278, '2025-11-13', 'lunch', 11, 3, 'Sunda nese', 'coba dipikirkan secara logika', 'regular', 12, '2025-12-23 16:57:36', '2025-12-23 16:57:36'),
	(279, '2025-11-13', 'lunch', 11, 8, 'Sunda nese', 'coba dipikirkan secara logika', 'regular', 12, '2025-12-23 16:57:36', '2025-12-23 16:57:36'),
	(280, '2025-12-10', 'dinner', 11, 3, 'iak', 'coba dipikirkan secara logika', 'paket', 250, '2025-12-23 16:57:44', '2025-12-23 16:57:44'),
	(281, '2025-12-09', 'dinner', 5, 7, 'menu tambahan', 'coba dipikirkan secara logika', 'sehat', 200, '2025-12-23 16:57:56', '2025-12-23 16:57:56'),
	(282, '2025-12-09', 'lunch', 11, 4, 'ikan mujaer ', 'coba dipikirkan secara logika', 'paket', 2000, '2025-12-23 16:58:04', '2025-12-23 16:58:04'),
	(283, '2025-12-09', 'lunch', 11, 5, 'ikan mujaer ', 'coba dipikirkan secara logika', 'paket', 2000, '2025-12-23 16:58:04', '2025-12-23 16:58:04'),
	(284, '2025-12-09', 'lunch', 5, 7, 'menu anyar', 'coba dipikirkan secara logika', 'regular', 200, '2025-12-23 16:58:20', '2025-12-23 16:58:20'),
	(285, '2025-12-09', 'dinner', 5, 7, 'iak', 'coba dipikirkan secara logika', 'sehat', 250, '2025-12-23 16:58:42', '2025-12-23 16:58:42'),
	(286, '2025-11-07', 'supper', 5, 7, 'iak', 'coba dipikirkan secara logika', 'paket', 25, '2025-12-23 16:59:03', '2025-12-23 16:59:03'),
	(287, '2025-11-06', 'lunch', 11, 2, 'Paket nasi liwet ', 'coba dipikirkan secara logika', 'regular', 45, '2025-12-23 16:59:22', '2025-12-23 16:59:22'),
	(288, '2025-11-06', 'lunch', 11, 3, 'Paket nasi liwet ', 'coba dipikirkan secara logika', 'regular', 45, '2025-12-23 16:59:22', '2025-12-23 16:59:22'),
	(289, '2025-11-05', 'supper', 11, 2, 'pecele ayam', 'coba dipikirkan secara logika', 'regular', 70, '2025-12-23 17:00:07', '2025-12-23 17:00:07'),
	(290, '2025-11-05', 'supper', 11, 3, 'pecele ayam', 'coba dipikirkan secara logika', 'regular', 70, '2025-12-23 17:00:07', '2025-12-23 17:00:07'),
	(291, '2025-11-05', 'supper', 11, 4, 'pecele ayam', 'coba dipikirkan secara logika', 'regular', 70, '2025-12-23 17:00:07', '2025-12-23 17:00:07'),
	(292, '2025-12-01', 'lunch', 5, 7, 'daging rendong', 'coba dipikirkan secara logika', 'paket', 240, '2025-12-23 17:00:31', '2025-12-23 17:00:31'),
	(293, '2025-10-31', 'lunch', 11, 3, 'Ayam CIANJUR', '', 'regular', 45, '2025-12-23 18:41:35', '2025-12-23 18:41:35'),
	(294, '2025-12-23', 'lunch', 11, 2, 'goreng tempe', '', 'regular', 800, '2025-12-23 18:42:36', '2025-12-23 18:42:36'),
	(295, '2025-12-24', 'lunch', 11, 2, 'menu padang', 'sambel rawitnya 50% merah 50%', 'regular', 955, '2025-12-24 16:16:03', '2025-12-24 16:16:03'),
	(296, '2025-12-24', 'lunch', 11, 3, 'menu padang', 'sambel rawitnya 50% merah 50%', 'regular', 955, '2025-12-24 16:16:03', '2025-12-24 16:16:03'),
	(297, '2025-12-24', 'lunch', 11, 8, 'menu padang', 'sambel rawitnya 50% merah 50%', 'regular', 955, '2025-12-24 16:16:03', '2025-12-24 16:16:03'),
	(298, '2025-12-24', 'lunch', 4, 1, 'daging rendong', '', 'regular', 100, '2025-12-24 16:35:04', '2025-12-24 16:35:04');

-- Dumping structure for table menu_ryan_catering.menu_harian_kondimen
CREATE TABLE IF NOT EXISTS `menu_harian_kondimen` (
  `id_kondimen` int NOT NULL AUTO_INCREMENT,
  `id_menu_harian` int NOT NULL,
  `id_komponen` int DEFAULT NULL,
  `nama_kondimen` varchar(100) NOT NULL,
  `kategori_kondimen` varchar(100) DEFAULT NULL,
  `qty_kondimen` varchar(50) NOT NULL,
  PRIMARY KEY (`id_kondimen`),
  KEY `id_menu_harian` (`id_menu_harian`),
  CONSTRAINT `menu_harian_kondimen_ibfk_1` FOREIGN KEY (`id_menu_harian`) REFERENCES `menu_harian` (`id_menu_harian`) ON DELETE CASCADE
) ENGINE=InnoDB AUTO_INCREMENT=897 DEFAULT CHARSET=utf8mb4 COLLATE=utf8mb4_0900_ai_ci;

-- Dumping data for table menu_ryan_catering.menu_harian_kondimen: ~117 rows (approximately)
INSERT INTO `menu_harian_kondimen` (`id_kondimen`, `id_menu_harian`, `id_komponen`, `nama_kondimen`, `kategori_kondimen`, `qty_kondimen`) VALUES
	(694, 247, 105, '', NULL, '140'),
	(695, 247, 112, '', NULL, '140'),
	(696, 247, 110, '', NULL, '140'),
	(697, 247, 113, '', NULL, '140'),
	(698, 247, 119, '', NULL, '140'),
	(784, 269, 105, '', NULL, '45'),
	(785, 269, 107, '', NULL, '25'),
	(786, 269, 121, '', NULL, '25'),
	(787, 270, 105, '', NULL, '12'),
	(788, 270, 107, '', NULL, '12'),
	(789, 270, 112, '', NULL, '45'),
	(790, 271, 105, '', NULL, '12'),
	(791, 271, 107, '', NULL, '12'),
	(792, 271, 112, '', NULL, '45'),
	(793, 272, 105, '', NULL, '12'),
	(794, 272, 107, '', NULL, '12'),
	(795, 272, 112, '', NULL, '45'),
	(796, 273, 105, '', NULL, '45'),
	(797, 273, 107, '', NULL, '45'),
	(798, 273, 108, '', NULL, '45'),
	(799, 273, 109, '', NULL, '45'),
	(800, 273, 111, '', NULL, '45'),
	(801, 274, 110, '', NULL, '12'),
	(802, 275, 110, '', NULL, '12'),
	(803, 276, 110, '', NULL, '12'),
	(804, 277, 105, '', NULL, '12'),
	(805, 277, 108, '', NULL, '12'),
	(806, 278, 105, '', NULL, '12'),
	(807, 278, 108, '', NULL, '12'),
	(808, 279, 105, '', NULL, '11'),
	(809, 279, 108, '', NULL, '12'),
	(810, 280, 105, '', NULL, '2525'),
	(811, 280, 108, '', NULL, '2525'),
	(812, 280, 109, '', NULL, '25525'),
	(813, 280, 112, '', NULL, '2525'),
	(814, 280, 124, '', NULL, '25'),
	(815, 281, 105, '', NULL, '200'),
	(816, 281, 118, '', NULL, '200'),
	(817, 281, 109, '', NULL, '200'),
	(818, 282, 105, '', NULL, '12'),
	(819, 282, 119, '', NULL, '45'),
	(820, 283, 105, '', NULL, '12'),
	(821, 283, 119, '', NULL, '78'),
	(822, 284, 105, '', NULL, '200'),
	(823, 284, 107, '', NULL, '200'),
	(824, 284, 108, '', NULL, '200'),
	(825, 284, 109, '', NULL, '200'),
	(826, 284, 122, '', NULL, '58'),
	(827, 285, 105, '', NULL, '252'),
	(828, 285, 107, '', NULL, '252'),
	(829, 285, 123, '', NULL, '252'),
	(830, 286, 105, '', NULL, '25'),
	(831, 286, 107, '', NULL, '25'),
	(832, 286, 116, '', NULL, '25'),
	(833, 286, 108, '', NULL, '25'),
	(834, 287, 105, '', NULL, '45'),
	(835, 287, 107, '', NULL, '45'),
	(836, 287, 108, '', NULL, '45'),
	(837, 287, 113, '', NULL, '45'),
	(838, 288, 105, '', NULL, '45'),
	(839, 288, 107, '', NULL, '45'),
	(840, 288, 108, '', NULL, '45'),
	(841, 288, 113, '', NULL, '45'),
	(842, 289, 105, '', NULL, '45'),
	(843, 289, 129, '', NULL, '45'),
	(844, 289, 110, '', NULL, '45'),
	(845, 289, 107, '', NULL, '25'),
	(846, 289, 112, '', NULL, '25'),
	(847, 290, 105, '', NULL, '45'),
	(848, 290, 129, '', NULL, '50'),
	(849, 290, 110, '', NULL, '45'),
	(850, 290, 107, '', NULL, '25'),
	(851, 290, 112, '', NULL, '25'),
	(852, 291, 105, '', NULL, '45'),
	(853, 291, 129, '', NULL, '60'),
	(854, 291, 110, '', NULL, '45'),
	(855, 291, 107, '', NULL, '25'),
	(856, 291, 112, '', NULL, '25'),
	(857, 292, 105, '', NULL, '12'),
	(858, 292, 129, '', NULL, '12'),
	(859, 292, 108, '', NULL, '12'),
	(860, 292, 112, '', NULL, '12'),
	(861, 292, 107, '', NULL, '12'),
	(862, 292, 109, '', NULL, '11'),
	(863, 292, 111, '', NULL, '12'),
	(864, 292, 125, '', NULL, '12'),
	(865, 293, 105, '', NULL, '45'),
	(866, 293, 107, '', NULL, '25'),
	(867, 293, 114, '', NULL, '25'),
	(868, 294, 108, '', NULL, '800'),
	(869, 295, 123, '', NULL, '100'),
	(870, 295, 121, '', NULL, '100'),
	(871, 295, 112, '', NULL, '50'),
	(872, 295, 124, '', NULL, '50'),
	(873, 295, 108, '', NULL, '300'),
	(874, 295, 126, '', NULL, '300'),
	(875, 295, 110, '', NULL, '150'),
	(876, 295, 127, '', NULL, '150'),
	(877, 295, 109, '', NULL, '300'),
	(878, 296, 123, '', NULL, '100'),
	(879, 296, 121, '', NULL, '100'),
	(880, 296, 112, '', NULL, '50'),
	(881, 296, 124, '', NULL, '50'),
	(882, 296, 108, '', NULL, '300'),
	(883, 296, 126, '', NULL, '300'),
	(884, 296, 110, '', NULL, '150'),
	(885, 296, 127, '', NULL, '150'),
	(886, 296, 109, '', NULL, '300'),
	(887, 297, 123, '', NULL, '100'),
	(888, 297, 121, '', NULL, '100'),
	(889, 297, 112, '', NULL, '50'),
	(890, 297, 124, '', NULL, '55'),
	(891, 297, 108, '', NULL, '355'),
	(892, 297, 126, '', NULL, '355'),
	(893, 297, 110, '', NULL, '175'),
	(894, 297, 127, '', NULL, '180'),
	(895, 297, 109, '', NULL, '355'),
	(896, 298, 129, '', NULL, '100');

-- Dumping structure for table menu_ryan_catering.menu_kondimen_bahan
CREATE TABLE IF NOT EXISTS `menu_kondimen_bahan` (
  `id` int NOT NULL AUTO_INCREMENT,
  `id_menu_harian` int NOT NULL,
  `id_komponen` int NOT NULL,
  `bahan_nama` varchar(255) COLLATE utf8mb4_unicode_ci NOT NULL,
  `qty` decimal(10,2) NOT NULL DEFAULT '0.00',
  `satuan` varchar(50) COLLATE utf8mb4_unicode_ci DEFAULT NULL,
  `created_at` datetime DEFAULT CURRENT_TIMESTAMP,
  `updated_at` datetime DEFAULT CURRENT_TIMESTAMP ON UPDATE CURRENT_TIMESTAMP,
  PRIMARY KEY (`id`),
  KEY `idx_menu_harian` (`id_menu_harian`),
  KEY `idx_komponen` (`id_komponen`),
  KEY `idx_menu_komponen` (`id_menu_harian`,`id_komponen`)
) ENGINE=InnoDB AUTO_INCREMENT=37 DEFAULT CHARSET=utf8mb4 COLLATE=utf8mb4_unicode_ci;

-- Dumping data for table menu_ryan_catering.menu_kondimen_bahan: ~31 rows (approximately)
INSERT INTO `menu_kondimen_bahan` (`id`, `id_menu_harian`, `id_komponen`, `bahan_nama`, `qty`, `satuan`, `created_at`, `updated_at`) VALUES
	(1, 292, 105, 'Beras merah', 2.00, 'Kg', '2025-12-24 07:18:03', '2025-12-24 07:18:03'),
	(2, 292, 129, 'Daging slice', 2.00, 'Pack', '2025-12-24 07:18:03', '2025-12-24 07:18:03'),
	(3, 292, 129, 'Kentang PL', 2.00, 'Kg', '2025-12-24 07:18:03', '2025-12-24 07:18:03'),
	(4, 292, 129, 'Wortel', 2.00, 'Kg', '2025-12-24 07:18:03', '2025-12-24 07:18:03'),
	(5, 292, 129, 'Baso Eternal', 2.00, 'Pack', '2025-12-24 07:18:03', '2025-12-24 07:18:03'),
	(6, 247, 105, 'Beras merah', 0.00, 'Kg', '2025-12-24 07:35:22', '2025-12-24 07:35:22'),
	(7, 247, 119, 'ABC kacang ijo', 0.00, 'Box', '2025-12-24 07:35:22', '2025-12-24 07:35:22'),
	(8, 247, 119, 'Almond', 0.00, 'Pack', '2025-12-24 07:35:22', '2025-12-24 07:35:22'),
	(9, 247, 119, 'Bagelan', 0.00, 'Pack', '2025-12-24 07:35:22', '2025-12-24 07:35:22'),
	(10, 247, 119, 'Baso Sumber Selera', 0.00, 'Pack', '2025-12-24 07:35:22', '2025-12-24 07:35:22'),
	(11, 247, 119, 'Bawang Daun', 0.00, 'Kg', '2025-12-24 07:35:22', '2025-12-24 07:35:22'),
	(12, 293, 105, 'Beras merah', 0.00, 'Kg', '2025-12-24 07:35:22', '2025-12-24 07:35:22'),
	(13, 269, 105, 'Beras merah', 50000.00, 'Kg', '2025-12-24 08:12:46', '2025-12-24 08:12:46'),
	(15, 274, 110, 'daging', 25.00, 'kg', '2025-12-24 08:43:00', '2025-12-24 08:43:00'),
	(16, 276, 110, 'daging', 25.00, 'kg', '2025-12-24 08:47:04', '2025-12-24 08:47:04'),
	(17, 273, 105, 'Beras merah', 58.00, 'Kg', '2025-12-24 08:59:04', '2025-12-24 08:59:04'),
	(18, 297, 124, 'daun pisang', 13.00, 'kopek', '2025-12-24 09:28:49', '2025-12-24 09:28:49'),
	(19, 297, 124, 'kemangi', 1.00, 'gabung', '2025-12-24 09:28:49', '2025-12-24 09:28:49'),
	(20, 297, 108, 'tempe', 120.00, 'papan', '2025-12-24 09:28:49', '2025-12-24 09:28:49'),
	(21, 297, 126, 'Buncis', 40.00, 'kg', '2025-12-24 09:28:49', '2025-12-24 09:28:49'),
	(22, 297, 126, 'wortel', 24.00, 'kg', '2025-12-24 09:28:49', '2025-12-24 09:28:49'),
	(23, 297, 110, 'kol', 12.00, 'kg', '2025-12-24 09:28:49', '2025-12-24 09:28:49'),
	(24, 297, 110, 'wortel', 6.00, 'kg', '2025-12-24 09:28:49', '2025-12-24 09:28:49'),
	(25, 297, 110, 'buncis', 6.00, 'kg', '2025-12-24 09:28:49', '2025-12-24 09:28:49'),
	(26, 297, 127, 'Labu', 10.00, 'kg', '2025-12-24 09:28:49', '2025-12-24 09:28:49'),
	(27, 297, 127, 'cecek', 5.00, 'kg', '2025-12-24 09:28:49', '2025-12-24 09:28:49'),
	(28, 297, 127, 'kacang panjang', 5.00, 'kg', '2025-12-24 09:28:49', '2025-12-24 09:28:49'),
	(29, 297, 127, 'jagung', 3.00, 'kg', '2025-12-24 09:28:49', '2025-12-24 09:28:49'),
	(30, 297, 127, 'daun biji tangkil', 1.00, 'kg', '2025-12-24 09:28:49', '2025-12-24 09:28:49'),
	(31, 297, 109, 'cabe merah', 10.00, 'kg', '2025-12-24 09:28:49', '2025-12-24 09:28:49'),
	(32, 297, 109, 'rawit merah', 2.00, 'kg', '2025-12-24 09:28:49', '2025-12-24 09:28:49'),
	(33, 298, 129, 'Daging slice', 2.00, 'Pack', '2025-12-24 09:37:09', '2025-12-24 09:37:09'),
	(34, 298, 129, 'Kentang PL', 2.00, 'Kg', '2025-12-24 09:37:09', '2025-12-24 09:37:09'),
	(35, 298, 129, 'Wortel', 1.00, 'Kg', '2025-12-24 09:37:09', '2025-12-24 09:37:09'),
	(36, 298, 129, 'Baso Eternal', 1.00, 'Pack', '2025-12-24 09:37:09', '2025-12-24 09:37:09');

-- Dumping structure for table menu_ryan_catering.menu_regular_bahan
CREATE TABLE IF NOT EXISTS `menu_regular_bahan` (
  `id` int NOT NULL AUTO_INCREMENT,
  `menu_id` int NOT NULL,
  `nama_bahan` varchar(255) COLLATE utf8mb4_unicode_ci NOT NULL,
  `qty` decimal(10,2) NOT NULL DEFAULT '0.00',
  `satuan` varchar(50) COLLATE utf8mb4_unicode_ci NOT NULL,
  `harga_per_satuan` decimal(15,2) NOT NULL DEFAULT '0.00',
  `pembagian_porsi` int NOT NULL DEFAULT '1',
  `urutan` int NOT NULL DEFAULT '1',
  `created_at` timestamp NOT NULL DEFAULT CURRENT_TIMESTAMP,
  PRIMARY KEY (`id`),
  KEY `idx_menu_id` (`menu_id`),
  KEY `idx_nama_bahan` (`nama_bahan`),
  KEY `idx_urutan` (`urutan`),
  CONSTRAINT `fk_menu_bahan_menu` FOREIGN KEY (`menu_id`) REFERENCES `menu_regular_food_cost` (`id`) ON DELETE CASCADE ON UPDATE CASCADE
) ENGINE=InnoDB AUTO_INCREMENT=50 DEFAULT CHARSET=utf8mb4 COLLATE=utf8mb4_unicode_ci;

-- Dumping data for table menu_ryan_catering.menu_regular_bahan: ~0 rows (approximately)

-- Dumping structure for table menu_ryan_catering.menu_regular_food_cost
CREATE TABLE IF NOT EXISTS `menu_regular_food_cost` (
  `id` int NOT NULL AUTO_INCREMENT,
  `nama_menu` varchar(255) COLLATE utf8mb4_unicode_ci NOT NULL,
  `deskripsi` text COLLATE utf8mb4_unicode_ci,
  `created_at` timestamp NOT NULL DEFAULT CURRENT_TIMESTAMP,
  `updated_at` timestamp NOT NULL DEFAULT CURRENT_TIMESTAMP ON UPDATE CURRENT_TIMESTAMP,
  PRIMARY KEY (`id`),
  KEY `idx_nama_menu` (`nama_menu`),
  KEY `idx_created_at` (`created_at`)
) ENGINE=InnoDB AUTO_INCREMENT=4 DEFAULT CHARSET=utf8mb4 COLLATE=utf8mb4_unicode_ci;

-- Dumping data for table menu_ryan_catering.menu_regular_food_cost: ~0 rows (approximately)

-- Dumping structure for table menu_ryan_catering.regular_menu
CREATE TABLE IF NOT EXISTS `regular_menu` (
  `id` int NOT NULL AUTO_INCREMENT,
  `nama_menu_reg` varchar(50) CHARACTER SET utf8mb4 COLLATE utf8mb4_unicode_ci NOT NULL,
  `deskripsi` varchar(255) CHARACTER SET utf8mb4 COLLATE utf8mb4_unicode_ci DEFAULT NULL,
  `harga` int DEFAULT NULL,
  PRIMARY KEY (`id`)
) ENGINE=InnoDB AUTO_INCREMENT=43 DEFAULT CHARSET=utf8mb4 COLLATE=utf8mb4_unicode_ci;

-- Dumping data for table menu_ryan_catering.regular_menu: ~10 rows (approximately)
INSERT INTO `regular_menu` (`id`, `nama_menu_reg`, `deskripsi`, `harga`) VALUES
	(14, 'Nasi Padang', NULL, 9000),
	(17, 'Ikan macan', NULL, 18000),
	(19, 'Nasi Tutug Oncom', NULL, 23500),
	(20, 'Nasi Sayur Sop', NULL, 17500),
	(21, 'Nasi sunda', NULL, 14500),
	(22, 'Nasi Ayam', NULL, 14500),
	(23, 'nasi daging', NULL, 13500),
	(24, 'Nasi sunda', NULL, 14500),
	(26, 'Nasi bebek', NULL, 11500),
	(39, 'Nasi bebek', NULL, 11500),
	(40, 'Ayam matang', NULL, 14500),
	(41, 'Ayam rica rica', NULL, 13500),
	(42, 'Nasi Padang', NULL, 14500);

-- Dumping structure for table menu_ryan_catering.regular_menu_komponen
CREATE TABLE IF NOT EXISTS `regular_menu_komponen` (
  `id` int NOT NULL AUTO_INCREMENT,
  `regular_menu_id` int NOT NULL,
  `id_komponen` int NOT NULL,
  PRIMARY KEY (`id`),
  KEY `regular_menu_id` (`regular_menu_id`),
  KEY `id_komponen` (`id_komponen`),
  CONSTRAINT `regular_menu_komponen_ibfk_1` FOREIGN KEY (`regular_menu_id`) REFERENCES `regular_menu` (`id`) ON DELETE CASCADE,
  CONSTRAINT `regular_menu_komponen_ibfk_2` FOREIGN KEY (`id_komponen`) REFERENCES `menu` (`id_komponen`) ON DELETE CASCADE
) ENGINE=InnoDB AUTO_INCREMENT=545 DEFAULT CHARSET=utf8mb4 COLLATE=utf8mb4_unicode_ci;

-- Dumping data for table menu_ryan_catering.regular_menu_komponen: ~55 rows (approximately)
INSERT INTO `regular_menu_komponen` (`id`, `regular_menu_id`, `id_komponen`) VALUES
	(94, 14, 105),
	(96, 14, 108),
	(97, 14, 111),
	(123, 17, 95),
	(124, 17, 108),
	(125, 17, 109),
	(126, 17, 110),
	(127, 17, 111),
	(128, 17, 112),
	(181, 20, 95),
	(182, 20, 105),
	(183, 20, 108),
	(184, 20, 109),
	(185, 20, 110),
	(186, 20, 111),
	(187, 21, 95),
	(188, 21, 105),
	(189, 21, 107),
	(190, 21, 109),
	(191, 21, 111),
	(192, 22, 95),
	(193, 22, 105),
	(194, 22, 107),
	(195, 22, 108),
	(196, 22, 111),
	(231, 23, 105),
	(233, 23, 107),
	(234, 23, 108),
	(235, 23, 111),
	(236, 24, 95),
	(237, 24, 105),
	(239, 24, 107),
	(240, 24, 108),
	(464, 26, 95),
	(465, 26, 105),
	(466, 26, 107),
	(467, 26, 109),
	(488, 39, 95),
	(489, 39, 105),
	(490, 39, 109),
	(491, 39, 111),
	(500, 40, 95),
	(501, 40, 105),
	(502, 40, 109),
	(503, 40, 110),
	(504, 40, 116),
	(527, 41, 95),
	(528, 41, 105),
	(530, 41, 107),
	(531, 19, 95),
	(532, 19, 105),
	(534, 19, 107),
	(535, 19, 108),
	(536, 19, 109),
	(537, 19, 110),
	(538, 19, 111),
	(539, 42, 105),
	(541, 42, 107),
	(542, 42, 109),
	(543, 42, 111),
	(544, 42, 115);

-- Dumping structure for table menu_ryan_catering.satuan
CREATE TABLE IF NOT EXISTS `satuan` (
  `id_satuan` int NOT NULL AUTO_INCREMENT,
  `nama_satuan` varchar(50) NOT NULL,
  `created_at` datetime DEFAULT CURRENT_TIMESTAMP,
  PRIMARY KEY (`id_satuan`)
) ENGINE=InnoDB AUTO_INCREMENT=150 DEFAULT CHARSET=utf8mb4 COLLATE=utf8mb4_0900_ai_ci;

-- Dumping data for table menu_ryan_catering.satuan: ~27 rows (approximately)
INSERT INTO `satuan` (`id_satuan`, `nama_satuan`, `created_at`) VALUES
	(114, 'dus', '2025-10-21 14:28:09'),
	(115, 'Pack', '2025-10-21 14:28:09'),
	(116, 'Bal', '2025-10-21 14:28:09'),
	(119, 'Porsi', '2025-10-21 14:28:09'),
	(120, 'Kg', '2025-10-21 14:28:09'),
	(123, 'Mobil', '2025-10-21 14:28:09'),
	(128, 'kaleng', '2025-10-21 14:28:09'),
	(130, 'Kopek', '2025-10-21 14:28:09'),
	(131, 'Gabung', '2025-10-21 14:28:09'),
	(132, 'Card', '2025-10-21 14:28:09'),
	(133, 'Tabung', '2025-10-21 14:28:09'),
	(134, 'Box', '2025-10-21 14:28:09'),
	(135, 'Liter', '2025-10-21 14:28:09'),
	(136, 'Buah', '2025-10-21 14:28:09'),
	(137, 'ekor', '2025-10-21 14:28:09'),
	(138, 'Bungkus', '2025-10-21 14:28:09'),
	(139, 'Ikat', '2025-10-21 14:28:09'),
	(140, 'Papan', '2025-10-21 14:28:09'),
	(141, 'Dirigen', '2025-10-21 14:28:09'),
	(142, 'Tusuk', '2025-10-21 14:28:09'),
	(143, 'Butir', '2025-10-21 14:28:09'),
	(144, 'Karung', '2025-10-21 14:28:09'),
	(145, 'Botol', '2025-10-21 14:28:09'),
	(146, 'gulung', '2025-10-21 14:28:09'),
	(147, 'Roll', '2025-10-21 14:28:09'),
	(149, 'Pcs', '2025-10-21 14:28:09');

-- Dumping structure for table menu_ryan_catering.thematik
CREATE TABLE IF NOT EXISTS `thematik` (
  `id_thematik` int NOT NULL AUTO_INCREMENT,
  `thematik_nama` varchar(100) COLLATE utf8mb4_unicode_ci NOT NULL,
  `thematik_deskripsi` text COLLATE utf8mb4_unicode_ci,
  `urutan_tampil` int DEFAULT '0',
  `active` tinyint(1) DEFAULT '1',
  `created_at` datetime DEFAULT CURRENT_TIMESTAMP,
  `updated_at` datetime DEFAULT NULL ON UPDATE CURRENT_TIMESTAMP,
  PRIMARY KEY (`id_thematik`),
  UNIQUE KEY `unique_thematik_nama` (`thematik_nama`)
) ENGINE=InnoDB AUTO_INCREMENT=9 DEFAULT CHARSET=utf8mb4 COLLATE=utf8mb4_unicode_ci;

-- Dumping data for table menu_ryan_catering.thematik: ~6 rows (approximately)
INSERT INTO `thematik` (`id_thematik`, `thematik_nama`, `thematik_deskripsi`, `urutan_tampil`, `active`, `created_at`, `updated_at`) VALUES
	(1, 'Indonesia', 'Masakan tradisional Indonesia dengan bumbu rempah khas nusantara', 1, 1, '2025-10-17 11:04:04', NULL),
	(2, 'Western', 'Masakan gaya Barat dengan cita rasa Eropa dan Amerika', 2, 1, '2025-10-17 11:04:04', NULL),
	(3, 'Oriental', 'Masakan Asia Timur dengan karakteristik khas Tiongkok, Jepang, Korea', 3, 1, '2025-10-17 11:04:04', NULL),
	(4, 'Middle East', 'Masakan Timur Tengah dengan rempah khas Arab dan Mediterania', 4, 1, '2025-10-17 11:04:04', NULL),
	(5, 'Fusion', 'Perpaduan berbagai gaya masakan dari berbagai belahan dunia', 5, 1, '2025-10-17 11:04:04', NULL);

-- Dumping structure for table menu_ryan_catering.users
CREATE TABLE IF NOT EXISTS `users` (
  `id` int NOT NULL AUTO_INCREMENT,
  `username` varchar(100) NOT NULL,
  `password` varchar(255) NOT NULL,
  `role` varchar(50) NOT NULL,
  `active` tinyint(1) NOT NULL DEFAULT '1',
  PRIMARY KEY (`id`)
) ENGINE=InnoDB DEFAULT CHARSET=utf8mb4 COLLATE=utf8mb4_0900_ai_ci;

-- Dumping data for table menu_ryan_catering.users: ~0 rows (approximately)

-- Dumping structure for table menu_ryan_catering.vegetable_calc_session
CREATE TABLE IF NOT EXISTS `vegetable_calc_session` (
  `id` int NOT NULL AUTO_INCREMENT,
  `tanggal` date NOT NULL,
  `shift` varchar(20) COLLATE utf8mb4_unicode_ci NOT NULL,
  `customer_id` int NOT NULL,
  `total_menu` int DEFAULT '0',
  `total_bahan` int DEFAULT '0',
  `created_at` datetime DEFAULT CURRENT_TIMESTAMP,
  PRIMARY KEY (`id`),
  KEY `idx_tanggal` (`tanggal`),
  KEY `idx_customer` (`customer_id`)
) ENGINE=InnoDB AUTO_INCREMENT=11 DEFAULT CHARSET=utf8mb4 COLLATE=utf8mb4_unicode_ci;

-- Dumping data for table menu_ryan_catering.vegetable_calc_session: ~7 rows (approximately)
INSERT INTO `vegetable_calc_session` (`id`, `tanggal`, `shift`, `customer_id`, `total_menu`, `total_bahan`, `created_at`) VALUES
	(1, '2025-12-01', 'Lunch', 5, 8, 5, '2025-12-24 07:18:03'),
	(3, '2025-10-31', 'Lunch', 11, 8, 7, '2025-12-24 07:35:22'),
	(4, '2025-10-31', 'Supper', 11, 3, 1, '2025-12-24 08:12:46'),
	(5, '2025-10-30', 'Supper', 4, 5, 1, '2025-12-24 08:16:06'),
	(7, '2025-11-29', 'Dinner', 11, 3, 1, '2025-12-24 08:47:04'),
	(8, '2025-10-30', 'Supper', 4, 5, 1, '2025-12-24 08:59:04'),
	(9, '2025-12-24', 'Lunch', 11, 27, 15, '2025-12-24 09:28:49'),
	(10, '2025-12-24', 'Lunch', 4, 1, 4, '2025-12-24 09:37:09');

-- Dumping structure for table menu_ryan_catering.vegetable_calc_session_menu
CREATE TABLE IF NOT EXISTS `vegetable_calc_session_menu` (
  `id` int NOT NULL AUTO_INCREMENT,
  `session_id` int NOT NULL,
  `menu_harian_id` int NOT NULL,
  `created_at` datetime DEFAULT CURRENT_TIMESTAMP,
  PRIMARY KEY (`id`),
  KEY `idx_session` (`session_id`),
  KEY `idx_menu_harian` (`menu_harian_id`)
) ENGINE=InnoDB AUTO_INCREMENT=18 DEFAULT CHARSET=utf8mb4 COLLATE=utf8mb4_unicode_ci;

-- Dumping data for table menu_ryan_catering.vegetable_calc_session_menu: ~12 rows (approximately)
INSERT INTO `vegetable_calc_session_menu` (`id`, `session_id`, `menu_harian_id`, `created_at`) VALUES
	(1, 1, 292, '2025-12-24 07:18:03'),
	(3, 3, 247, '2025-12-24 07:35:22'),
	(4, 3, 293, '2025-12-24 07:35:22'),
	(5, 4, 269, '2025-12-24 08:12:46'),
	(6, 5, 273, '2025-12-24 08:16:06'),
	(10, 7, 274, '2025-12-24 08:47:04'),
	(11, 7, 275, '2025-12-24 08:47:04'),
	(12, 7, 276, '2025-12-24 08:47:04'),
	(13, 8, 273, '2025-12-24 08:59:04'),
	(14, 9, 295, '2025-12-24 09:28:49'),
	(15, 9, 296, '2025-12-24 09:28:49'),
	(16, 9, 297, '2025-12-24 09:28:49'),
	(17, 10, 298, '2025-12-24 09:37:09');

/*!40103 SET TIME_ZONE=IFNULL(@OLD_TIME_ZONE, 'system') */;
/*!40101 SET SQL_MODE=IFNULL(@OLD_SQL_MODE, '') */;
/*!40014 SET FOREIGN_KEY_CHECKS=IFNULL(@OLD_FOREIGN_KEY_CHECKS, 1) */;
/*!40101 SET CHARACTER_SET_CLIENT=@OLD_CHARACTER_SET_CLIENT */;
/*!40111 SET SQL_NOTES=IFNULL(@OLD_SQL_NOTES, 1) */;
